caseNumber,followUpID,passportNumber
1,123,S123qwe
2,123,G1234456g
3,abc,qwewqewqeqw
1912,1,a1
1913,2,a2
1914,3,a3
1915,4,a4
1916,5,a5
1917,6,a6
1918,7,a7
1919,8,a8
1920,9,a9
1921,10,a10
1922,11,a11
1923,12,a12
1924,13,a13
1925,14,a14
1926,15,a15
1927,16,a16
1928,17,a17
1929,18,a18
1930,19,a19
1931,20,a20
1932,21,a21
1933,22,a22
1934,23,a23
1935,24,a24
1936,25,a25
1937,26,a26
1938,27,a27
1939,28,a28
1940,29,a29
1941,30,a30
1942,31,a31
1943,32,a32
1944,33,a33
1945,34,a34
1946,35,a35
1947,36,a36
1948,37,a37
1949,38,a38
1950,39,a39
1951,40,a40
1952,41,a41
1953,42,a42
1954,43,a43
1955,44,a44
1956,45,a45
1957,46,a46
1958,47,a47
1959,48,a48
1960,49,a49
1961,50,a50
1962,51,a51
1963,52,a52
1964,53,a53
1965,54,a54
1966,55,a55
1967,56,a56
1968,57,a57
1969,58,a58
1970,59,a59
1971,60,a60
1972,61,a61
1973,62,a62
1974,63,a63
1975,64,a64
1976,65,a65
1977,66,a66
1978,67,a67
1979,68,a68
1980,69,a69
1981,70,a70
1982,71,a71
1983,72,a72
1984,73,a73
1985,74,a74
1986,75,a75
1987,76,a76
1988,77,a77
1989,78,a78
1990,79,a79
1991,80,a80
1992,81,a81
1993,82,a82
1994,83,a83
1995,84,a84
1996,85,a85
1997,86,a86
1998,87,a87
1999,88,a88
2000,89,a89
2001,90,a90
2002,91,a91
2003,92,a92
2004,93,a93
2005,94,a94
2006,95,a95
2007,96,a96
2008,97,a97
2009,98,a98
2010,99,a99
2011,100,a100
2012,101,a101
2013,102,a102
2014,103,a103
2015,104,a104
2016,105,a105
2017,106,a106
2018,107,a107
2019,108,a108
2020,109,a109
2021,110,a110
2022,111,a111
2023,112,a112
2024,113,a113
2025,114,a114
2026,115,a115
2027,116,a116
2028,117,a117
2029,118,a118
2030,119,a119
2031,120,a120
2032,121,a121
2033,122,a122
2034,123,a123
2035,124,a124
2036,125,a125
2037,126,a126
2038,127,a127
2039,128,a128
2040,129,a129
2041,130,a130
2042,131,a131
2043,132,a132
2044,133,a133
2045,134,a134
2046,135,a135
2047,136,a136
2048,137,a137
2049,138,a138
2050,139,a139
2051,140,a140
2052,141,a141
2053,142,a142
2054,143,a143
2055,144,a144
2056,145,a145
2057,146,a146
2058,147,a147
2059,148,a148
2060,149,a149
2061,150,a150
2062,151,a151
2063,152,a152
2064,153,a153
2065,154,a154
2066,155,a155
2067,156,a156
2068,157,a157
2069,158,a158
2070,159,a159
2071,160,a160
2072,161,a161
2073,162,a162
2074,163,a163
2075,164,a164
2076,165,a165
2077,166,a166
2078,167,a167
2079,168,a168
2080,169,a169
2081,170,a170
2082,171,a171
2083,172,a172
2084,173,a173
2085,174,a174
2086,175,a175
2087,176,a176
2088,177,a177
2089,178,a178
2090,179,a179
2091,180,a180
2092,181,a181
2093,182,a182
2094,183,a183
2095,184,a184
2096,185,a185
2097,186,a186
2098,187,a187
2099,188,a188
2100,189,a189
2101,190,a190
2102,191,a191
2103,192,a192
2104,193,a193
2105,194,a194
2106,195,a195
2107,196,a196
2108,197,a197
2109,198,a198
2110,199,a199
2111,200,a200
2112,201,a201
2113,202,a202
2114,203,a203
2115,204,a204
2116,205,a205
2117,206,a206
2118,207,a207
2119,208,a208
2120,209,a209
2121,210,a210
2122,211,a211
2123,212,a212
2124,213,a213
2125,214,a214
2126,215,a215
2127,216,a216
2128,217,a217
2129,218,a218
2130,219,a219
2131,220,a220
2132,221,a221
2133,222,a222
2134,223,a223
2135,224,a224
2136,225,a225
2137,226,a226
2138,227,a227
2139,228,a228
2140,229,a229
2141,230,a230
2142,231,a231
2143,232,a232
2144,233,a233
2145,234,a234
2146,235,a235
2147,236,a236
2148,237,a237
2149,238,a238
2150,239,a239
2151,240,a240
2152,241,a241
2153,242,a242
2154,243,a243
2155,244,a244
2156,245,a245
2157,246,a246
2158,247,a247
2159,248,a248
2160,249,a249
2161,250,a250
2162,251,a251
2163,252,a252
2164,253,a253
2165,254,a254
2166,255,a255
2167,256,a256
2168,257,a257
2169,258,a258
2170,259,a259
2171,260,a260
2172,261,a261
2173,262,a262
2174,263,a263
2175,264,a264
2176,265,a265
2177,266,a266
2178,267,a267
2179,268,a268
2180,269,a269
2181,270,a270
2182,271,a271
2183,272,a272
2184,273,a273
2185,274,a274
2186,275,a275
2187,276,a276
2188,277,a277
2189,278,a278
2190,279,a279
2191,280,a280
2192,281,a281
2193,282,a282
2194,283,a283
2195,284,a284
2196,285,a285
2197,286,a286
2198,287,a287
2199,288,a288
2200,289,a289
2201,290,a290
2202,291,a291
2203,292,a292
2204,293,a293
2205,294,a294
2206,295,a295
2207,296,a296
2208,297,a297
2209,298,a298
2210,299,a299
2211,300,a300
2212,301,a301
2213,302,a302
2214,303,a303
2215,304,a304
2216,305,a305
2217,306,a306
2218,307,a307
2219,308,a308
2220,309,a309
2221,310,a310
2222,311,a311
2223,312,a312
2224,313,a313
2225,314,a314
2226,315,a315
2227,316,a316
2228,317,a317
2229,318,a318
2230,319,a319
2231,320,a320
2232,321,a321
2233,322,a322
2234,323,a323
2235,324,a324
2236,325,a325
2237,326,a326
2238,327,a327
2239,328,a328
2240,329,a329
2241,330,a330
2242,331,a331
2243,332,a332
2244,333,a333
2245,334,a334
2246,335,a335
2247,336,a336
2248,337,a337
2249,338,a338
2250,339,a339
2251,340,a340
2252,341,a341
2253,342,a342
2254,343,a343
2255,344,a344
2256,345,a345
2257,346,a346
2258,347,a347
2259,348,a348
2260,349,a349
2261,350,a350
2262,351,a351
2263,352,a352
2264,353,a353
2265,354,a354
2266,355,a355
2267,356,a356
2268,357,a357
2269,358,a358
2270,359,a359
2271,360,a360
2272,361,a361
2273,362,a362
2274,363,a363
2275,364,a364
2276,365,a365
2277,366,a366
2278,367,a367
2279,368,a368
2280,369,a369
2281,370,a370
2282,371,a371
2283,372,a372
2284,373,a373
2285,374,a374
2286,375,a375
2287,376,a376
2288,377,a377
2289,378,a378
2290,379,a379
2291,380,a380
2292,381,a381
2293,382,a382
2294,383,a383
2295,384,a384
2296,385,a385
2297,386,a386
2298,387,a387
2299,388,a388
2300,389,a389
2301,390,a390
2302,391,a391
2303,392,a392
2304,393,a393
2305,394,a394
2306,395,a395
2307,396,a396
2308,397,a397
2309,398,a398
2310,399,a399
2311,400,a400
2312,401,a401
2313,402,a402
2314,403,a403
2315,404,a404
2316,405,a405
2317,406,a406
2318,407,a407
2319,408,a408
2320,409,a409
2321,410,a410
2322,411,a411
2323,412,a412
2324,413,a413
2325,414,a414
2326,415,a415
2327,416,a416
2328,417,a417
2329,418,a418
2330,419,a419
2331,420,a420
2332,421,a421
2333,422,a422
2334,423,a423
2335,424,a424
2336,425,a425
2337,426,a426
2338,427,a427
2339,428,a428
2340,429,a429
2341,430,a430
2342,431,a431
2343,432,a432
2344,433,a433
2345,434,a434
2346,435,a435
2347,436,a436
2348,437,a437
2349,438,a438
2350,439,a439
2351,440,a440
2352,441,a441
2353,442,a442
2354,443,a443
2355,444,a444
2356,445,a445
2357,446,a446
2358,447,a447
2359,448,a448
2360,449,a449
2361,450,a450
2362,451,a451
2363,452,a452
2364,453,a453
2365,454,a454
2366,455,a455
2367,456,a456
2368,457,a457
2369,458,a458
2370,459,a459
2371,460,a460
2372,461,a461
2373,462,a462
2374,463,a463
2375,464,a464
2376,465,a465
2377,466,a466
2378,467,a467
2379,468,a468
2380,469,a469
2381,470,a470
2382,471,a471
2383,472,a472
2384,473,a473
2385,474,a474
2386,475,a475
2387,476,a476
2388,477,a477
2389,478,a478
2390,479,a479
2391,480,a480
2392,481,a481
2393,482,a482
2394,483,a483
2395,484,a484
2396,485,a485
2397,486,a486
2398,487,a487
2399,488,a488
2400,489,a489
2401,490,a490
2402,491,a491
2403,492,a492
2404,493,a493
2405,494,a494
2406,495,a495
2407,496,a496
2408,497,a497
2409,498,a498
2410,499,a499
2411,500,a500
2412,501,a501
2413,502,a502
2414,503,a503
2415,504,a504
2416,505,a505
2417,506,a506
2418,507,a507
2419,508,a508
2420,509,a509
2421,510,a510
2422,511,a511
2423,512,a512
2424,513,a513
2425,514,a514
2426,515,a515
2427,516,a516
2428,517,a517
2429,518,a518
2430,519,a519
2431,520,a520
2432,521,a521
2433,522,a522
2434,523,a523
2435,524,a524
2436,525,a525
2437,526,a526
2438,527,a527
2439,528,a528
2440,529,a529
2441,530,a530
2442,531,a531
2443,532,a532
2444,533,a533
2445,534,a534
2446,535,a535
2447,536,a536
2448,537,a537
2449,538,a538
2450,539,a539
2451,540,a540
2452,541,a541
2453,542,a542
2454,543,a543
2455,544,a544
2456,545,a545
2457,546,a546
2458,547,a547
2459,548,a548
2460,549,a549
2461,550,a550
2462,551,a551
2463,552,a552
2464,553,a553
2465,554,a554
2466,555,a555
2467,556,a556
2468,557,a557
2469,558,a558
2470,559,a559
2471,560,a560
2472,561,a561
2473,562,a562
2474,563,a563
2475,564,a564
2476,565,a565
2477,566,a566
2478,567,a567
2479,568,a568
2480,569,a569
2481,570,a570
2482,571,a571
2483,572,a572
2484,573,a573
2485,574,a574
2486,575,a575
2487,576,a576
2488,577,a577
2489,578,a578
2490,579,a579
2491,580,a580
2492,581,a581
2493,582,a582
2494,583,a583
2495,584,a584
2496,585,a585
2497,586,a586
2498,587,a587
2499,588,a588
2500,589,a589
2501,590,a590
2502,591,a591
2503,592,a592
2504,593,a593
2505,594,a594
2506,595,a595
2507,596,a596
2508,597,a597
2509,598,a598
2510,599,a599
2511,600,a600
2512,601,a601
2513,602,a602
2514,603,a603
2515,604,a604
2516,605,a605
2517,606,a606
2518,607,a607
2519,608,a608
2520,609,a609
2521,610,a610
2522,611,a611
2523,612,a612
2524,613,a613
2525,614,a614
2526,615,a615
2527,616,a616
2528,617,a617
2529,618,a618
2530,619,a619
2531,620,a620
2532,621,a621
2533,622,a622
2534,623,a623
2535,624,a624
2536,625,a625
2537,626,a626
2538,627,a627
2539,628,a628
2540,629,a629
2541,630,a630
2542,631,a631
2543,632,a632
2544,633,a633
2545,634,a634
2546,635,a635
2547,636,a636
2548,637,a637
2549,638,a638
2550,639,a639
2551,640,a640
2552,641,a641
2553,642,a642
2554,643,a643
2555,644,a644
2556,645,a645
2557,646,a646
2558,647,a647
2559,648,a648
2560,649,a649
2561,650,a650
2562,651,a651
2563,652,a652
2564,653,a653
2565,654,a654
2566,655,a655
2567,656,a656
2568,657,a657
2569,658,a658
2570,659,a659
2571,660,a660
2572,661,a661
2573,662,a662
2574,663,a663
2575,664,a664
2576,665,a665
2577,666,a666
2578,667,a667
2579,668,a668
2580,669,a669
2581,670,a670
2582,671,a671
2583,672,a672
2584,673,a673
2585,674,a674
2586,675,a675
2587,676,a676
2588,677,a677
2589,678,a678
2590,679,a679
2591,680,a680
2592,681,a681
2593,682,a682
2594,683,a683
2595,684,a684
2596,685,a685
2597,686,a686
2598,687,a687
2599,688,a688
2600,689,a689
2601,690,a690
2602,691,a691
2603,692,a692
2604,693,a693
2605,694,a694
2606,695,a695
2607,696,a696
2608,697,a697
2609,698,a698
2610,699,a699
2611,700,a700
2612,701,a701
2613,702,a702
2614,703,a703
2615,704,a704
2616,705,a705
2617,706,a706
2618,707,a707
2619,708,a708
2620,709,a709
2621,710,a710
2622,711,a711
2623,712,a712
2624,713,a713
2625,714,a714
2626,715,a715
2627,716,a716
2628,717,a717
2629,718,a718
2630,719,a719
2631,720,a720
2632,721,a721
2633,722,a722
2634,723,a723
2635,724,a724
2636,725,a725
2637,726,a726
2638,727,a727
2639,728,a728
2640,729,a729
2641,730,a730
2642,731,a731
2643,732,a732
2644,733,a733
2645,734,a734
2646,735,a735
2647,736,a736
2648,737,a737
2649,738,a738
2650,739,a739
2651,740,a740
2652,741,a741
2653,742,a742
2654,743,a743
2655,744,a744
2656,745,a745
2657,746,a746
2658,747,a747
2659,748,a748
2660,749,a749
2661,750,a750
2662,751,a751
2663,752,a752
2664,753,a753
2665,754,a754
2666,755,a755
2667,756,a756
2668,757,a757
2669,758,a758
2670,759,a759
2671,760,a760
2672,761,a761
2673,762,a762
2674,763,a763
2675,764,a764
2676,765,a765
2677,766,a766
2678,767,a767
2679,768,a768
2680,769,a769
2681,770,a770
2682,771,a771
2683,772,a772
2684,773,a773
2685,774,a774
2686,775,a775
2687,776,a776
2688,777,a777
2689,778,a778
2690,779,a779
2691,780,a780
2692,781,a781
2693,782,a782
2694,783,a783
2695,784,a784
2696,785,a785
2697,786,a786
2698,787,a787
2699,788,a788
2700,789,a789
2701,790,a790
2702,791,a791
2703,792,a792
2704,793,a793
2705,794,a794
2706,795,a795
2707,796,a796
2708,797,a797
2709,798,a798
2710,799,a799
2711,800,a800
2712,801,a801
2713,802,a802
2714,803,a803
2715,804,a804
2716,805,a805
2717,806,a806
2718,807,a807
2719,808,a808
2720,809,a809
2721,810,a810
2722,811,a811
2723,812,a812
2724,813,a813
2725,814,a814
2726,815,a815
2727,816,a816
2728,817,a817
2729,818,a818
2730,819,a819
2731,820,a820
2732,821,a821
2733,822,a822
2734,823,a823
2735,824,a824
2736,825,a825
2737,826,a826
2738,827,a827
2739,828,a828
2740,829,a829
2741,830,a830
2742,831,a831
2743,832,a832
2744,833,a833
2745,834,a834
2746,835,a835
2747,836,a836
2748,837,a837
2749,838,a838
2750,839,a839
2751,840,a840
2752,841,a841
2753,842,a842
2754,843,a843
2755,844,a844
2756,845,a845
2757,846,a846
2758,847,a847
2759,848,a848
2760,849,a849
2761,850,a850
2762,851,a851
2763,852,a852
2764,853,a853
2765,854,a854
2766,855,a855
2767,856,a856
2768,857,a857
2769,858,a858
2770,859,a859
2771,860,a860
2772,861,a861
2773,862,a862
2774,863,a863
2775,864,a864
2776,865,a865
2777,866,a866
2778,867,a867
2779,868,a868
2780,869,a869
2781,870,a870
2782,871,a871
2783,872,a872
2784,873,a873
2785,874,a874
2786,875,a875
2787,876,a876
2788,877,a877
2789,878,a878
2790,879,a879
2791,880,a880
2792,881,a881
2793,882,a882
2794,883,a883
2795,884,a884
2796,885,a885
2797,886,a886
2798,887,a887
2799,888,a888
2800,889,a889
2801,890,a890
2802,891,a891
2803,892,a892
2804,893,a893
2805,894,a894
2806,895,a895
2807,896,a896
2808,897,a897
2809,898,a898
2810,899,a899
2811,900,a900
2812,901,a901
2813,902,a902
2814,903,a903
2815,904,a904
2816,905,a905
2817,906,a906
2818,907,a907
2819,908,a908
2820,909,a909
2821,910,a910
2822,911,a911
2823,912,a912
2824,913,a913
2825,914,a914
2826,915,a915
2827,916,a916
2828,917,a917
2829,918,a918
2830,919,a919
2831,920,a920
2832,921,a921
2833,922,a922
2834,923,a923
2835,924,a924
2836,925,a925
2837,926,a926
2838,927,a927
2839,928,a928
2840,929,a929
2841,930,a930
2842,931,a931
2843,932,a932
2844,933,a933
2845,934,a934
2846,935,a935
2847,936,a936
2848,937,a937
2849,938,a938
2850,939,a939
2851,940,a940
2852,941,a941
2853,942,a942
2854,943,a943
2855,944,a944
2856,945,a945
2857,946,a946
2858,947,a947
2859,948,a948
2860,949,a949
2861,950,a950
2862,951,a951
2863,952,a952
2864,953,a953
2865,954,a954
2866,955,a955
2867,956,a956
2868,957,a957
2869,958,a958
2870,959,a959
2871,960,a960
2872,961,a961
2873,962,a962
2874,963,a963
2875,964,a964
2876,965,a965
2877,966,a966
2878,967,a967
2879,968,a968
2880,969,a969
2881,970,a970
2882,971,a971
2883,972,a972
2884,973,a973
2885,974,a974
2886,975,a975
2887,976,a976
2888,977,a977
2889,978,a978
2890,979,a979
2891,980,a980
2892,981,a981
2893,982,a982
2894,983,a983
2895,984,a984
2896,985,a985
2897,986,a986
2898,987,a987
2899,988,a988
2900,989,a989
2901,990,a990
2902,991,a991
2903,992,a992
2904,993,a993
2905,994,a994
2906,995,a995
2907,996,a996
2908,997,a997
