-- phpMyAdmin SQL Dump
-- version 4.6.4
-- https://www.phpmyadmin.net/
--
-- Host: 127.0.0.1
-- Generation Time: Dec 18, 2016 at 03:46 AM
-- Server version: 5.7.14
-- PHP Version: 5.6.25

SET FOREIGN_KEY_CHECKS=0;
SET SQL_MODE = "NO_AUTO_VALUE_ON_ZERO";
SET time_zone = "+00:00";


/*!40101 SET @OLD_CHARACTER_SET_CLIENT=@@CHARACTER_SET_CLIENT */;
/*!40101 SET @OLD_CHARACTER_SET_RESULTS=@@CHARACTER_SET_RESULTS */;
/*!40101 SET @OLD_COLLATION_CONNECTION=@@COLLATION_CONNECTION */;
/*!40101 SET NAMES utf8mb4 */;

--
-- Database: `ulink`
--
CREATE DATABASE IF NOT EXISTS `ulink` DEFAULT CHARACTER SET latin1 COLLATE latin1_swedish_ci;
USE `ulink`;

-- --------------------------------------------------------

--
-- Table structure for table `admission`
--

CREATE TABLE `admission` (
  `caseNumber` int(6) NOT NULL,
  `followUpID` varchar(45) DEFAULT NULL,
  `passportNumber` varchar(45) DEFAULT NULL
) ENGINE=InnoDB DEFAULT CHARSET=latin1;

--
-- Dumping data for table `admission`
--

INSERT INTO `admission` (`caseNumber`, `followUpID`, `passportNumber`) VALUES
(2, '123', 'G1234456g'),
(3, 'abc', 'qwewqewqeqw'),
(7, '123', 'G1234456g'),
(8, '123', 'S123qwe'),
(9, '123', 'G1234456g'),
(10, 'abc', 'qwewqewqeqw'),
(11, '1', 'a1'),
(12, '2', 'a2'),
(13, '3', 'a3'),
(14, '4', 'a4'),
(15, '5', 'a5'),
(16, '6', 'a6'),
(17, '7', 'a7'),
(18, '8', 'a8'),
(19, '9', 'a9'),
(20, '10', 'a10'),
(21, '11', 'a11'),
(22, '12', 'a12'),
(23, '13', 'a13'),
(24, '14', 'a14'),
(25, '15', 'a15'),
(26, '16', 'a16'),
(27, '17', 'a17'),
(28, '18', 'a18'),
(29, '19', 'a19'),
(30, '20', 'a20'),
(31, '21', 'a21'),
(32, '22', 'a22'),
(33, '23', 'a23'),
(34, '24', 'a24'),
(35, '25', 'a25'),
(36, '26', 'a26'),
(37, '27', 'a27'),
(38, '28', 'a28'),
(39, '29', 'a29'),
(40, '30', 'a30'),
(41, '31', 'a31'),
(42, '32', 'a32'),
(43, '33', 'a33'),
(44, '34', 'a34'),
(45, '35', 'a35'),
(46, '36', 'a36'),
(47, '37', 'a37'),
(48, '38', 'a38'),
(49, '39', 'a39'),
(50, '40', 'a40'),
(51, '41', 'a41'),
(52, '42', 'a42'),
(53, '43', 'a43'),
(54, '44', 'a44'),
(55, '45', 'a45'),
(56, '46', 'a46'),
(57, '47', 'a47'),
(58, '48', 'a48'),
(59, '49', 'a49'),
(60, '50', 'a50'),
(61, '51', 'a51'),
(62, '52', 'a52'),
(63, '53', 'a53'),
(64, '54', 'a54'),
(65, '55', 'a55'),
(66, '56', 'a56'),
(67, '57', 'a57'),
(68, '58', 'a58'),
(69, '59', 'a59'),
(70, '60', 'a60'),
(71, '61', 'a61'),
(72, '62', 'a62'),
(73, '63', 'a63'),
(74, '64', 'a64'),
(75, '65', 'a65'),
(76, '66', 'a66'),
(77, '67', 'a67'),
(78, '68', 'a68'),
(79, '69', 'a69'),
(80, '70', 'a70'),
(81, '71', 'a71'),
(82, '72', 'a72'),
(83, '73', 'a73'),
(84, '74', 'a74'),
(85, '75', 'a75'),
(86, '76', 'a76'),
(87, '77', 'a77'),
(88, '78', 'a78'),
(89, '79', 'a79'),
(90, '80', 'a80'),
(91, '81', 'a81'),
(92, '82', 'a82'),
(93, '83', 'a83'),
(94, '84', 'a84'),
(95, '85', 'a85'),
(96, '86', 'a86'),
(97, '87', 'a87'),
(98, '88', 'a88'),
(99, '89', 'a89'),
(100, '90', 'a90'),
(101, '91', 'a91'),
(102, '92', 'a92'),
(103, '93', 'a93'),
(104, '94', 'a94'),
(105, '95', 'a95'),
(106, '96', 'a96'),
(107, '97', 'a97'),
(108, '98', 'a98'),
(109, '99', 'a99'),
(110, '100', 'a100'),
(111, '101', 'a101'),
(112, '102', 'a102'),
(113, '103', 'a103'),
(114, '104', 'a104'),
(115, '105', 'a105'),
(116, '106', 'a106'),
(117, '107', 'a107'),
(118, '108', 'a108'),
(119, '109', 'a109'),
(120, '110', 'a110'),
(121, '111', 'a111'),
(122, '112', 'a112'),
(123, '113', 'a113'),
(124, '114', 'a114'),
(125, '115', 'a115'),
(126, '116', 'a116'),
(127, '117', 'a117'),
(128, '118', 'a118'),
(129, '119', 'a119'),
(130, '120', 'a120'),
(131, '121', 'a121'),
(132, '122', 'a122'),
(133, '123', 'a123'),
(134, '124', 'a124'),
(135, '125', 'a125'),
(136, '126', 'a126'),
(137, '127', 'a127'),
(138, '128', 'a128'),
(139, '129', 'a129'),
(140, '130', 'a130'),
(141, '131', 'a131'),
(142, '132', 'a132'),
(143, '133', 'a133'),
(144, '134', 'a134'),
(145, '135', 'a135'),
(146, '136', 'a136'),
(147, '137', 'a137'),
(148, '138', 'a138'),
(149, '139', 'a139'),
(150, '140', 'a140'),
(151, '141', 'a141'),
(152, '142', 'a142'),
(153, '143', 'a143'),
(154, '144', 'a144'),
(155, '145', 'a145'),
(156, '146', 'a146'),
(157, '147', 'a147'),
(158, '148', 'a148'),
(159, '149', 'a149'),
(160, '150', 'a150'),
(161, '151', 'a151'),
(162, '152', 'a152'),
(163, '153', 'a153'),
(164, '154', 'a154'),
(165, '155', 'a155'),
(166, '156', 'a156'),
(167, '157', 'a157'),
(168, '158', 'a158'),
(169, '159', 'a159'),
(170, '160', 'a160'),
(171, '161', 'a161'),
(172, '162', 'a162'),
(173, '163', 'a163'),
(174, '164', 'a164'),
(175, '165', 'a165'),
(176, '166', 'a166'),
(177, '167', 'a167'),
(178, '168', 'a168'),
(179, '169', 'a169'),
(180, '170', 'a170'),
(181, '171', 'a171'),
(182, '172', 'a172'),
(183, '173', 'a173'),
(184, '174', 'a174'),
(185, '175', 'a175'),
(186, '176', 'a176'),
(187, '177', 'a177'),
(188, '178', 'a178'),
(189, '179', 'a179'),
(190, '180', 'a180'),
(191, '181', 'a181'),
(192, '182', 'a182'),
(193, '183', 'a183'),
(194, '184', 'a184'),
(195, '185', 'a185'),
(196, '186', 'a186'),
(197, '187', 'a187'),
(198, '188', 'a188'),
(199, '189', 'a189'),
(200, '190', 'a190'),
(201, '191', 'a191'),
(202, '192', 'a192'),
(203, '193', 'a193'),
(204, '194', 'a194'),
(205, '195', 'a195'),
(206, '196', 'a196'),
(207, '197', 'a197'),
(208, '198', 'a198'),
(209, '199', 'a199'),
(210, '200', 'a200'),
(211, '201', 'a201'),
(212, '202', 'a202'),
(213, '203', 'a203'),
(214, '204', 'a204'),
(215, '205', 'a205'),
(216, '206', 'a206'),
(217, '207', 'a207'),
(218, '208', 'a208'),
(219, '209', 'a209'),
(220, '210', 'a210'),
(221, '211', 'a211'),
(222, '212', 'a212'),
(223, '213', 'a213'),
(224, '214', 'a214'),
(225, '215', 'a215'),
(226, '216', 'a216'),
(227, '217', 'a217'),
(228, '218', 'a218'),
(229, '219', 'a219'),
(230, '220', 'a220'),
(231, '221', 'a221'),
(232, '222', 'a222'),
(233, '223', 'a223'),
(234, '224', 'a224'),
(235, '225', 'a225'),
(236, '226', 'a226'),
(237, '227', 'a227'),
(238, '228', 'a228'),
(239, '229', 'a229'),
(240, '230', 'a230'),
(241, '231', 'a231'),
(242, '232', 'a232'),
(243, '233', 'a233'),
(244, '234', 'a234'),
(245, '235', 'a235'),
(246, '236', 'a236'),
(247, '237', 'a237'),
(248, '238', 'a238'),
(249, '239', 'a239'),
(250, '240', 'a240'),
(251, '241', 'a241'),
(252, '242', 'a242'),
(253, '243', 'a243'),
(254, '244', 'a244'),
(255, '245', 'a245'),
(256, '246', 'a246'),
(257, '247', 'a247'),
(258, '248', 'a248'),
(259, '249', 'a249'),
(260, '250', 'a250'),
(261, '251', 'a251'),
(262, '252', 'a252'),
(263, '253', 'a253'),
(264, '254', 'a254'),
(265, '255', 'a255'),
(266, '256', 'a256'),
(267, '257', 'a257'),
(268, '258', 'a258'),
(269, '259', 'a259'),
(270, '260', 'a260'),
(271, '261', 'a261'),
(272, '262', 'a262'),
(273, '263', 'a263'),
(274, '264', 'a264'),
(275, '265', 'a265'),
(276, '266', 'a266'),
(277, '267', 'a267'),
(278, '268', 'a268'),
(279, '269', 'a269'),
(280, '270', 'a270'),
(281, '271', 'a271'),
(282, '272', 'a272'),
(283, '273', 'a273'),
(284, '274', 'a274'),
(285, '275', 'a275'),
(286, '276', 'a276'),
(287, '277', 'a277'),
(288, '278', 'a278'),
(289, '279', 'a279'),
(290, '280', 'a280'),
(291, '281', 'a281'),
(292, '282', 'a282'),
(293, '283', 'a283'),
(294, '284', 'a284'),
(295, '285', 'a285'),
(296, '286', 'a286'),
(297, '287', 'a287'),
(298, '288', 'a288'),
(299, '289', 'a289'),
(300, '290', 'a290'),
(301, '291', 'a291'),
(302, '292', 'a292'),
(303, '293', 'a293'),
(304, '294', 'a294'),
(305, '295', 'a295'),
(306, '296', 'a296'),
(307, '297', 'a297'),
(308, '298', 'a298'),
(309, '299', 'a299'),
(310, '300', 'a300'),
(311, '301', 'a301'),
(312, '302', 'a302'),
(313, '303', 'a303'),
(314, '304', 'a304'),
(315, '305', 'a305'),
(316, '306', 'a306'),
(317, '307', 'a307'),
(318, '308', 'a308'),
(319, '309', 'a309'),
(320, '310', 'a310'),
(321, '311', 'a311'),
(322, '312', 'a312'),
(323, '313', 'a313'),
(324, '314', 'a314'),
(325, '315', 'a315'),
(326, '316', 'a316'),
(327, '317', 'a317'),
(328, '318', 'a318'),
(329, '319', 'a319'),
(330, '320', 'a320'),
(331, '321', 'a321'),
(332, '322', 'a322'),
(333, '323', 'a323'),
(334, '324', 'a324'),
(335, '325', 'a325'),
(336, '326', 'a326'),
(337, '327', 'a327'),
(338, '328', 'a328'),
(339, '329', 'a329'),
(340, '330', 'a330'),
(341, '331', 'a331'),
(342, '332', 'a332'),
(343, '333', 'a333'),
(344, '334', 'a334'),
(345, '335', 'a335'),
(346, '336', 'a336'),
(347, '337', 'a337'),
(348, '338', 'a338'),
(349, '339', 'a339'),
(350, '340', 'a340'),
(351, '341', 'a341'),
(352, '342', 'a342'),
(353, '343', 'a343'),
(354, '344', 'a344'),
(355, '345', 'a345'),
(356, '346', 'a346'),
(357, '347', 'a347'),
(358, '348', 'a348'),
(359, '349', 'a349'),
(360, '350', 'a350'),
(361, '351', 'a351'),
(362, '352', 'a352'),
(363, '353', 'a353'),
(364, '354', 'a354'),
(365, '355', 'a355'),
(366, '356', 'a356'),
(367, '357', 'a357'),
(368, '358', 'a358'),
(369, '359', 'a359'),
(370, '360', 'a360'),
(371, '361', 'a361'),
(372, '362', 'a362'),
(373, '363', 'a363'),
(374, '364', 'a364'),
(375, '365', 'a365'),
(376, '366', 'a366'),
(377, '367', 'a367'),
(378, '368', 'a368'),
(379, '369', 'a369'),
(380, '370', 'a370'),
(381, '371', 'a371'),
(382, '372', 'a372'),
(383, '373', 'a373'),
(384, '374', 'a374'),
(385, '375', 'a375'),
(386, '376', 'a376'),
(387, '377', 'a377'),
(388, '378', 'a378'),
(389, '379', 'a379'),
(390, '380', 'a380'),
(391, '381', 'a381'),
(392, '382', 'a382'),
(393, '383', 'a383'),
(394, '384', 'a384'),
(395, '385', 'a385'),
(396, '386', 'a386'),
(397, '387', 'a387'),
(398, '388', 'a388'),
(399, '389', 'a389'),
(400, '390', 'a390'),
(401, '391', 'a391'),
(402, '392', 'a392'),
(403, '393', 'a393'),
(404, '394', 'a394'),
(405, '395', 'a395'),
(406, '396', 'a396'),
(407, '397', 'a397'),
(408, '398', 'a398'),
(409, '399', 'a399'),
(410, '400', 'a400'),
(411, '401', 'a401'),
(412, '402', 'a402'),
(413, '403', 'a403'),
(414, '404', 'a404'),
(415, '405', 'a405'),
(416, '406', 'a406'),
(417, '407', 'a407'),
(418, '408', 'a408'),
(419, '409', 'a409'),
(420, '410', 'a410'),
(421, '411', 'a411'),
(422, '412', 'a412'),
(423, '413', 'a413'),
(424, '414', 'a414'),
(425, '415', 'a415'),
(426, '416', 'a416'),
(427, '417', 'a417'),
(428, '418', 'a418'),
(429, '419', 'a419'),
(430, '420', 'a420'),
(431, '421', 'a421'),
(432, '422', 'a422'),
(433, '423', 'a423'),
(434, '424', 'a424'),
(435, '425', 'a425'),
(436, '426', 'a426'),
(437, '427', 'a427'),
(438, '428', 'a428'),
(439, '429', 'a429'),
(440, '430', 'a430'),
(441, '431', 'a431'),
(442, '432', 'a432'),
(443, '433', 'a433'),
(444, '434', 'a434'),
(445, '435', 'a435'),
(446, '436', 'a436'),
(447, '437', 'a437'),
(448, '438', 'a438'),
(449, '439', 'a439'),
(450, '440', 'a440'),
(451, '441', 'a441'),
(452, '442', 'a442'),
(453, '443', 'a443'),
(454, '444', 'a444'),
(455, '445', 'a445'),
(456, '446', 'a446'),
(457, '447', 'a447'),
(458, '448', 'a448'),
(459, '449', 'a449'),
(460, '450', 'a450'),
(461, '451', 'a451'),
(462, '452', 'a452'),
(463, '453', 'a453'),
(464, '454', 'a454'),
(465, '455', 'a455'),
(466, '456', 'a456'),
(467, '457', 'a457'),
(468, '458', 'a458'),
(469, '459', 'a459'),
(470, '460', 'a460'),
(471, '461', 'a461'),
(472, '462', 'a462'),
(473, '463', 'a463'),
(474, '464', 'a464'),
(475, '465', 'a465'),
(476, '466', 'a466'),
(477, '467', 'a467'),
(478, '468', 'a468'),
(479, '469', 'a469'),
(480, '470', 'a470'),
(481, '471', 'a471'),
(482, '472', 'a472'),
(483, '473', 'a473'),
(484, '474', 'a474'),
(485, '475', 'a475'),
(486, '476', 'a476'),
(487, '477', 'a477'),
(488, '478', 'a478'),
(489, '479', 'a479'),
(490, '480', 'a480'),
(491, '481', 'a481'),
(492, '482', 'a482'),
(493, '483', 'a483'),
(494, '484', 'a484'),
(495, '485', 'a485'),
(496, '486', 'a486'),
(497, '487', 'a487'),
(498, '488', 'a488'),
(499, '489', 'a489'),
(500, '490', 'a490'),
(501, '491', 'a491'),
(502, '492', 'a492'),
(503, '493', 'a493'),
(504, '494', 'a494'),
(505, '495', 'a495'),
(506, '496', 'a496'),
(507, '497', 'a497'),
(508, '498', 'a498'),
(509, '499', 'a499'),
(510, '500', 'a500'),
(511, '501', 'a501'),
(512, '502', 'a502'),
(513, '503', 'a503'),
(514, '504', 'a504'),
(515, '505', 'a505'),
(516, '506', 'a506'),
(517, '507', 'a507'),
(518, '508', 'a508'),
(519, '509', 'a509'),
(520, '510', 'a510'),
(521, '511', 'a511'),
(522, '512', 'a512'),
(523, '513', 'a513'),
(524, '514', 'a514'),
(525, '515', 'a515'),
(526, '516', 'a516'),
(527, '517', 'a517'),
(528, '518', 'a518'),
(529, '519', 'a519'),
(530, '520', 'a520'),
(531, '521', 'a521'),
(532, '522', 'a522'),
(533, '523', 'a523'),
(534, '524', 'a524'),
(535, '525', 'a525'),
(536, '526', 'a526'),
(537, '527', 'a527'),
(538, '528', 'a528'),
(539, '529', 'a529'),
(540, '530', 'a530'),
(541, '531', 'a531'),
(542, '532', 'a532'),
(543, '533', 'a533'),
(544, '534', 'a534'),
(545, '535', 'a535'),
(546, '536', 'a536'),
(547, '537', 'a537'),
(548, '538', 'a538'),
(549, '539', 'a539'),
(550, '540', 'a540'),
(551, '541', 'a541'),
(552, '542', 'a542'),
(553, '543', 'a543'),
(554, '544', 'a544'),
(555, '545', 'a545'),
(556, '546', 'a546'),
(557, '547', 'a547'),
(558, '548', 'a548'),
(559, '549', 'a549'),
(560, '550', 'a550'),
(561, '551', 'a551'),
(562, '552', 'a552'),
(563, '553', 'a553'),
(564, '554', 'a554'),
(565, '555', 'a555'),
(566, '556', 'a556'),
(567, '557', 'a557'),
(568, '558', 'a558'),
(569, '559', 'a559'),
(570, '560', 'a560'),
(571, '561', 'a561'),
(572, '562', 'a562'),
(573, '563', 'a563'),
(574, '564', 'a564'),
(575, '565', 'a565'),
(576, '566', 'a566'),
(577, '567', 'a567'),
(578, '568', 'a568'),
(579, '569', 'a569'),
(580, '570', 'a570'),
(581, '571', 'a571'),
(582, '572', 'a572'),
(583, '573', 'a573'),
(584, '574', 'a574'),
(585, '575', 'a575'),
(586, '576', 'a576'),
(587, '577', 'a577'),
(588, '578', 'a578'),
(589, '579', 'a579'),
(590, '580', 'a580'),
(591, '581', 'a581'),
(592, '582', 'a582'),
(593, '583', 'a583'),
(594, '584', 'a584'),
(595, '585', 'a585'),
(596, '586', 'a586'),
(597, '587', 'a587'),
(598, '588', 'a588'),
(599, '589', 'a589'),
(600, '590', 'a590'),
(601, '591', 'a591'),
(602, '592', 'a592'),
(603, '593', 'a593'),
(604, '594', 'a594'),
(605, '595', 'a595'),
(606, '596', 'a596'),
(607, '597', 'a597'),
(608, '598', 'a598'),
(609, '599', 'a599'),
(610, '600', 'a600'),
(611, '601', 'a601'),
(612, '602', 'a602'),
(613, '603', 'a603'),
(614, '604', 'a604'),
(615, '605', 'a605'),
(616, '606', 'a606'),
(617, '607', 'a607'),
(618, '608', 'a608'),
(619, '609', 'a609'),
(620, '610', 'a610'),
(621, '611', 'a611'),
(622, '612', 'a612'),
(623, '613', 'a613'),
(624, '614', 'a614'),
(625, '615', 'a615'),
(626, '616', 'a616'),
(627, '617', 'a617'),
(628, '618', 'a618'),
(629, '619', 'a619'),
(630, '620', 'a620'),
(631, '621', 'a621'),
(632, '622', 'a622'),
(633, '623', 'a623'),
(634, '624', 'a624'),
(635, '625', 'a625'),
(636, '626', 'a626'),
(637, '627', 'a627'),
(638, '628', 'a628'),
(639, '629', 'a629'),
(640, '630', 'a630'),
(641, '631', 'a631'),
(642, '632', 'a632'),
(643, '633', 'a633'),
(644, '634', 'a634'),
(645, '635', 'a635'),
(646, '636', 'a636'),
(647, '637', 'a637'),
(648, '638', 'a638'),
(649, '639', 'a639'),
(650, '640', 'a640'),
(651, '641', 'a641'),
(652, '642', 'a642'),
(653, '643', 'a643'),
(654, '644', 'a644'),
(655, '645', 'a645'),
(656, '646', 'a646'),
(657, '647', 'a647'),
(658, '648', 'a648'),
(659, '649', 'a649'),
(660, '650', 'a650'),
(661, '651', 'a651'),
(662, '652', 'a652'),
(663, '653', 'a653'),
(664, '654', 'a654'),
(665, '655', 'a655'),
(666, '656', 'a656'),
(667, '657', 'a657'),
(668, '658', 'a658'),
(669, '659', 'a659'),
(670, '660', 'a660'),
(671, '661', 'a661'),
(672, '662', 'a662'),
(673, '663', 'a663'),
(674, '664', 'a664'),
(675, '665', 'a665'),
(676, '666', 'a666'),
(677, '667', 'a667'),
(678, '668', 'a668'),
(679, '669', 'a669'),
(680, '670', 'a670'),
(681, '671', 'a671'),
(682, '672', 'a672'),
(683, '673', 'a673'),
(684, '674', 'a674'),
(685, '675', 'a675'),
(686, '676', 'a676'),
(687, '677', 'a677'),
(688, '678', 'a678'),
(689, '679', 'a679'),
(690, '680', 'a680'),
(691, '681', 'a681'),
(692, '682', 'a682'),
(693, '683', 'a683'),
(694, '684', 'a684'),
(695, '685', 'a685'),
(696, '686', 'a686'),
(697, '687', 'a687'),
(698, '688', 'a688'),
(699, '689', 'a689'),
(700, '690', 'a690'),
(701, '691', 'a691'),
(702, '692', 'a692'),
(703, '693', 'a693'),
(704, '694', 'a694'),
(705, '695', 'a695'),
(706, '696', 'a696'),
(707, '697', 'a697'),
(708, '698', 'a698'),
(709, '699', 'a699'),
(710, '700', 'a700'),
(711, '701', 'a701'),
(712, '702', 'a702'),
(713, '703', 'a703'),
(714, '704', 'a704'),
(715, '705', 'a705'),
(716, '706', 'a706'),
(717, '707', 'a707'),
(718, '708', 'a708'),
(719, '709', 'a709'),
(720, '710', 'a710'),
(721, '711', 'a711'),
(722, '712', 'a712'),
(723, '713', 'a713'),
(724, '714', 'a714'),
(725, '715', 'a715'),
(726, '716', 'a716'),
(727, '717', 'a717'),
(728, '718', 'a718'),
(729, '719', 'a719'),
(730, '720', 'a720'),
(731, '721', 'a721'),
(732, '722', 'a722'),
(733, '723', 'a723'),
(734, '724', 'a724'),
(735, '725', 'a725'),
(736, '726', 'a726'),
(737, '727', 'a727'),
(738, '728', 'a728'),
(739, '729', 'a729'),
(740, '730', 'a730'),
(741, '731', 'a731'),
(742, '732', 'a732'),
(743, '733', 'a733'),
(744, '734', 'a734'),
(745, '735', 'a735'),
(746, '736', 'a736'),
(747, '737', 'a737'),
(748, '738', 'a738'),
(749, '739', 'a739'),
(750, '740', 'a740'),
(751, '741', 'a741'),
(752, '742', 'a742'),
(753, '743', 'a743'),
(754, '744', 'a744'),
(755, '745', 'a745'),
(756, '746', 'a746'),
(757, '747', 'a747'),
(758, '748', 'a748'),
(759, '749', 'a749'),
(760, '750', 'a750'),
(761, '751', 'a751'),
(762, '752', 'a752'),
(763, '753', 'a753'),
(764, '754', 'a754'),
(765, '755', 'a755'),
(766, '756', 'a756'),
(767, '757', 'a757'),
(768, '758', 'a758'),
(769, '759', 'a759'),
(770, '760', 'a760'),
(771, '761', 'a761'),
(772, '762', 'a762'),
(773, '763', 'a763'),
(774, '764', 'a764'),
(775, '765', 'a765'),
(776, '766', 'a766'),
(777, '767', 'a767'),
(778, '768', 'a768'),
(779, '769', 'a769'),
(780, '770', 'a770'),
(781, '771', 'a771'),
(782, '772', 'a772'),
(783, '773', 'a773'),
(784, '774', 'a774'),
(785, '775', 'a775'),
(786, '776', 'a776'),
(787, '777', 'a777'),
(788, '778', 'a778'),
(789, '779', 'a779'),
(790, '780', 'a780'),
(791, '781', 'a781'),
(792, '782', 'a782'),
(793, '783', 'a783'),
(794, '784', 'a784'),
(795, '785', 'a785'),
(796, '786', 'a786'),
(797, '787', 'a787'),
(798, '788', 'a788'),
(799, '789', 'a789'),
(800, '790', 'a790'),
(801, '791', 'a791'),
(802, '792', 'a792'),
(803, '793', 'a793'),
(804, '794', 'a794'),
(805, '795', 'a795'),
(806, '796', 'a796'),
(807, '797', 'a797'),
(808, '798', 'a798'),
(809, '799', 'a799'),
(810, '800', 'a800'),
(811, '801', 'a801'),
(812, '802', 'a802'),
(813, '803', 'a803'),
(814, '804', 'a804'),
(815, '805', 'a805'),
(816, '806', 'a806'),
(817, '807', 'a807'),
(818, '808', 'a808'),
(819, '809', 'a809'),
(820, '810', 'a810'),
(821, '811', 'a811'),
(822, '812', 'a812'),
(823, '813', 'a813'),
(824, '814', 'a814'),
(825, '815', 'a815'),
(826, '816', 'a816'),
(827, '817', 'a817'),
(828, '818', 'a818'),
(829, '819', 'a819'),
(830, '820', 'a820'),
(831, '821', 'a821'),
(832, '822', 'a822'),
(833, '823', 'a823'),
(834, '824', 'a824'),
(835, '825', 'a825'),
(836, '826', 'a826'),
(837, '827', 'a827'),
(838, '828', 'a828'),
(839, '829', 'a829'),
(840, '830', 'a830'),
(841, '831', 'a831'),
(842, '832', 'a832'),
(843, '833', 'a833'),
(844, '834', 'a834'),
(845, '835', 'a835'),
(846, '836', 'a836'),
(847, '837', 'a837'),
(848, '838', 'a838'),
(849, '839', 'a839'),
(850, '840', 'a840'),
(851, '841', 'a841'),
(852, '842', 'a842'),
(853, '843', 'a843'),
(854, '844', 'a844'),
(855, '845', 'a845'),
(856, '846', 'a846'),
(857, '847', 'a847'),
(858, '848', 'a848'),
(859, '849', 'a849'),
(860, '850', 'a850'),
(861, '851', 'a851'),
(862, '852', 'a852'),
(863, '853', 'a853'),
(864, '854', 'a854'),
(865, '855', 'a855'),
(866, '856', 'a856'),
(867, '857', 'a857'),
(868, '858', 'a858'),
(869, '859', 'a859'),
(870, '860', 'a860'),
(871, '861', 'a861'),
(872, '862', 'a862'),
(873, '863', 'a863'),
(874, '864', 'a864'),
(875, '865', 'a865'),
(876, '866', 'a866'),
(877, '867', 'a867'),
(878, '868', 'a868'),
(879, '869', 'a869'),
(880, '870', 'a870'),
(881, '871', 'a871'),
(882, '872', 'a872'),
(883, '873', 'a873'),
(884, '874', 'a874'),
(885, '875', 'a875'),
(886, '876', 'a876'),
(887, '877', 'a877'),
(888, '878', 'a878'),
(889, '879', 'a879'),
(890, '880', 'a880'),
(891, '881', 'a881'),
(892, '882', 'a882'),
(893, '883', 'a883'),
(894, '884', 'a884'),
(895, '885', 'a885'),
(896, '886', 'a886'),
(897, '887', 'a887'),
(898, '888', 'a888'),
(899, '889', 'a889'),
(900, '890', 'a890'),
(901, '891', 'a891'),
(902, '892', 'a892'),
(903, '893', 'a893'),
(904, '894', 'a894'),
(905, '895', 'a895'),
(906, '896', 'a896'),
(907, '897', 'a897'),
(908, '898', 'a898'),
(909, '899', 'a899'),
(910, '900', 'a900'),
(911, '901', 'a901'),
(912, '902', 'a902'),
(913, '903', 'a903'),
(914, '904', 'a904'),
(915, '905', 'a905'),
(916, '906', 'a906'),
(917, '907', 'a907'),
(918, '908', 'a908'),
(919, '909', 'a909'),
(920, '910', 'a910'),
(921, '911', 'a911'),
(922, '912', 'a912'),
(923, '913', 'a913'),
(924, '914', 'a914'),
(925, '915', 'a915'),
(926, '916', 'a916'),
(927, '917', 'a917'),
(928, '918', 'a918'),
(929, '919', 'a919'),
(930, '920', 'a920'),
(931, '921', 'a921'),
(932, '922', 'a922'),
(933, '923', 'a923'),
(934, '924', 'a924'),
(935, '925', 'a925'),
(936, '926', 'a926'),
(937, '927', 'a927'),
(938, '928', 'a928'),
(939, '929', 'a929'),
(940, '930', 'a930'),
(941, '931', 'a931'),
(942, '932', 'a932'),
(943, '933', 'a933'),
(944, '934', 'a934'),
(945, '935', 'a935'),
(946, '936', 'a936'),
(947, '937', 'a937'),
(948, '938', 'a938'),
(949, '939', 'a939'),
(950, '940', 'a940'),
(951, '941', 'a941'),
(952, '942', 'a942'),
(953, '943', 'a943'),
(954, '944', 'a944'),
(955, '945', 'a945'),
(956, '946', 'a946'),
(957, '947', 'a947'),
(958, '948', 'a948'),
(959, '949', 'a949'),
(960, '950', 'a950'),
(961, '951', 'a951'),
(962, '952', 'a952'),
(963, '953', 'a953'),
(964, '954', 'a954'),
(965, '955', 'a955'),
(966, '956', 'a956'),
(967, '957', 'a957'),
(968, '958', 'a958'),
(969, '959', 'a959'),
(970, '960', 'a960'),
(971, '961', 'a961'),
(972, '962', 'a962'),
(973, '963', 'a963'),
(974, '964', 'a964'),
(975, '965', 'a965'),
(976, '966', 'a966'),
(977, '967', 'a967'),
(978, '968', 'a968'),
(979, '969', 'a969'),
(980, '970', 'a970'),
(981, '971', 'a971'),
(982, '972', 'a972'),
(983, '973', 'a973'),
(984, '974', 'a974'),
(985, '975', 'a975'),
(986, '976', 'a976'),
(987, '977', 'a977'),
(988, '978', 'a978'),
(989, '979', 'a979'),
(990, '980', 'a980'),
(991, '981', 'a981'),
(992, '982', 'a982'),
(993, '983', 'a983'),
(994, '984', 'a984'),
(995, '985', 'a985'),
(996, '986', 'a986'),
(997, '987', 'a987'),
(998, '988', 'a988'),
(999, '989', 'a989'),
(1000, '990', 'a990'),
(1001, '991', 'a991'),
(1002, '992', 'a992'),
(1003, '993', 'a993'),
(1004, '994', 'a994'),
(1005, '995', 'a995'),
(1006, '996', 'a996'),
(1007, '997', 'a997');

-- --------------------------------------------------------

--
-- Table structure for table `allcondition`
--

CREATE TABLE `allcondition` (
  `conditionName` varchar(45) NOT NULL,
  `numOfYears` int(4) NOT NULL,
  `ageRequired` int(3) NOT NULL,
  `screening` varchar(45) NOT NULL,
  `type` varchar(10) NOT NULL
) ENGINE=MyISAM DEFAULT CHARSET=latin1;

--
-- Dumping data for table `allcondition`
--

INSERT INTO `allcondition` (`conditionName`, `numOfYears`, `ageRequired`, `screening`, `type`) VALUES
('cold', 11, 11, '1', 'infant'),
('cancer', 1, 20, '-', 'female'),
('Hypertension (High blood pressure)', 2, 18, 'Blood pressure measurement ', 'Male'),
('Hyperlipidaemia', 3, 40, 'Fasting lipids', 'Male'),
('Diabetic microalbuminuria', 1, 18, 'urine microalbumin', 'Male'),
('Hearing loss', 1, 18, 'Audiometry ', 'Male'),
('Diabetes mellitus', 3, 40, 'Fasting blood glucose', 'Female'),
('kidney disoorder/dysfunction', 1, 18, 'Kidney function test/Renal panel ', 'Female'),
(' Liver cancer/ Hepatocellular carcinoma (HCC)', 1, 18, 'Ultrasound Hepatobiliary System', 'Female'),
('Cervical cancer screening', 3, 25, 'Pap test', 'Female'),
('Heart Disease', 2, 25, 'Cholesterol test', 'Female');

-- --------------------------------------------------------

--
-- Table structure for table `appointment`
--

CREATE TABLE `appointment` (
  `appointmentID` int(6) NOT NULL,
  `passportNumber` varchar(45) DEFAULT NULL,
  `appointmentDate` datetime(6) DEFAULT NULL,
  `email` varchar(45) DEFAULT NULL
) ENGINE=InnoDB DEFAULT CHARSET=latin1;

--
-- Dumping data for table `appointment`
--

INSERT INTO `appointment` (`appointmentID`, `passportNumber`, `appointmentDate`, `email`) VALUES
(1, 'G1234456g', '2016-10-19 00:00:00.000000', 'sean@gmail.com'),
(2, 'qwewqewqeqw', '2016-10-24 00:00:00.000000', 'seankwok794@gmail.com'),
(3, 'a1', '2016-11-02 00:00:00.000000', 'sean@gmail.com'),
(4, 'a100', '2016-11-01 00:00:00.000000', 'sean@gmail.com'),
(5, 'a1000', '2016-10-19 00:00:00.000000', 'sean@gmail.com'),
(6, 'a1001', '2016-10-12 00:00:00.000000', 'seankwok794@gmail.com'),
(7, 'a7', '2016-11-03 00:00:00.000000', 'sean@gmail.com'),
(8, 'a8', '2016-11-03 00:00:00.000000', 'sean@gmail.com'),
(9, 'a9', '2016-11-03 00:00:00.000000', 'sean@gmail.com'),
(10, 'a10', '2016-11-03 00:00:00.000000', 'sean@gmail.com'),
(11, 'a11', '2016-11-03 00:00:00.000000', 'sean@gmail.com'),
(12, 'a12', '2016-11-03 00:00:00.000000', 'sean@gmail.com'),
(13, 'a13', '2016-11-03 00:00:00.000000', 'sean@gmail.com'),
(14, 'a14', '2016-11-03 00:00:00.000000', 'sean@gmail.com'),
(15, 'a15', '2016-11-03 00:00:00.000000', 'sean@gmail.com'),
(16, 'a16', '2016-11-03 00:00:00.000000', 'sean@gmail.com'),
(17, 'a17', '2016-11-03 00:00:00.000000', 'sean@gmail.com'),
(18, 'a18', '2016-11-03 00:00:00.000000', 'sean@gmail.com'),
(19, 'a19', '2016-11-03 00:00:00.000000', 'sean@gmail.com'),
(20, 'a20', '2016-11-03 00:00:00.000000', 'sean@gmail.com'),
(21, 'a21', '2016-10-24 00:00:00.000000', 'sean@gmail.com'),
(22, 'a22', '2016-10-24 00:00:00.000000', 'sean@gmail.com'),
(23, 'a23', '2016-10-24 00:00:00.000000', 'sean@gmail.com'),
(24, 'a24', '2016-10-24 00:00:00.000000', 'sean@gmail.com'),
(25, 'a25', '2016-10-24 00:00:00.000000', 'sean@gmail.com'),
(26, 'a26', '2016-10-24 00:00:00.000000', 'sean@gmail.com'),
(27, 'a27', '2016-10-24 00:00:00.000000', 'sean@gmail.com'),
(28, 'a28', '2016-10-24 00:00:00.000000', 'sean@gmail.com'),
(29, 'a29', '2016-10-24 00:00:00.000000', 'sean@gmail.com'),
(30, 'a30', '2016-10-24 00:00:00.000000', 'sean@gmail.com'),
(31, 'a31', '2016-10-24 00:00:00.000000', 'sean@gmail.com'),
(32, 'a32', '2016-10-24 00:00:00.000000', 'sean@gmail.com'),
(33, 'a33', '2015-11-04 00:00:00.000000', 'sean@gmail.com'),
(34, 'a34', '2015-11-04 00:00:00.000000', 'sean@gmail.com'),
(35, 'a35', '2015-11-04 00:00:00.000000', 'sean@gmail.com'),
(36, 'a36', '2015-11-04 00:00:00.000000', 'sean@gmail.com'),
(37, 'a37', '2015-11-04 00:00:00.000000', 'sean@gmail.com'),
(38, 'a38', '2015-11-04 00:00:00.000000', 'sean@gmail.com'),
(39, 'a39', '2015-11-04 00:00:00.000000', 'sean@gmail.com'),
(40, 'a40', '2015-11-04 00:00:00.000000', 'sean@gmail.com'),
(41, 'a41', '2015-11-04 00:00:00.000000', 'sean@gmail.com'),
(42, 'a42', '2014-11-04 00:00:00.000000', 'sean@gmail.com'),
(43, 'a43', '2014-11-04 00:00:00.000000', 'sean@gmail.com'),
(44, 'a44', '2014-11-04 00:00:00.000000', 'sean@gmail.com'),
(45, 'a45', '2014-11-04 00:00:00.000000', 'sean@gmail.com'),
(46, 'a46', '2014-11-04 00:00:00.000000', 'sean@gmail.com'),
(47, 'a47', '2014-11-04 00:00:00.000000', 'sean@gmail.com'),
(48, 'a48', '2014-11-04 00:00:00.000000', 'sean@gmail.com'),
(49, 'a49', '2014-11-04 00:00:00.000000', 'sean@gmail.com'),
(50, 'a50', '2014-11-04 00:00:00.000000', 'sean@gmail.com'),
(51, 'a51', '2014-11-04 00:00:00.000000', 'sean@gmail.com'),
(52, 'a52', '2014-11-04 00:00:00.000000', 'sean@gmail.com'),
(53, 'a53', '2014-11-04 00:00:00.000000', 'sean@gmail.com'),
(54, 'a54', '2014-11-04 00:00:00.000000', 'sean@gmail.com'),
(55, 'a55', '2014-11-04 00:00:00.000000', 'sean@gmail.com'),
(56, 'a56', '2014-11-04 00:00:00.000000', 'sean@gmail.com'),
(57, 'a57', '2014-11-04 00:00:00.000000', 'sean@gmail.com'),
(58, 'a58', '2014-11-04 00:00:00.000000', 'sean@gmail.com'),
(59, 'a59', '2014-11-04 00:00:00.000000', 'sean@gmail.com'),
(60, 'a60', '2014-11-04 00:00:00.000000', 'sean@gmail.com'),
(61, 'a61', '2014-11-04 00:00:00.000000', 'sean@gmail.com'),
(62, 'a62', '2014-11-04 00:00:00.000000', 'sean@gmail.com'),
(63, 'a63', '2014-11-04 00:00:00.000000', 'sean@gmail.com'),
(64, 'a64', '2014-11-04 00:00:00.000000', 'sean@gmail.com'),
(65, 'a65', '2014-11-04 00:00:00.000000', 'sean@gmail.com'),
(66, 'a66', '2014-11-04 00:00:00.000000', 'sean@gmail.com'),
(67, 'a67', '2014-11-04 00:00:00.000000', 'sean@gmail.com'),
(68, 'a68', '2014-11-04 00:00:00.000000', 'sean@gmail.com'),
(69, 'a69', '2014-11-04 00:00:00.000000', 'sean@gmail.com'),
(70, 'a70', '2014-11-04 00:00:00.000000', 'sean@gmail.com'),
(71, 'a71', '2014-11-04 00:00:00.000000', 'sean@gmail.com'),
(72, 'a72', '2014-11-04 00:00:00.000000', 'sean@gmail.com'),
(73, 'a73', '2014-11-04 00:00:00.000000', 'sean@gmail.com'),
(74, 'a74', '2014-11-04 00:00:00.000000', 'sean@gmail.com'),
(75, 'a75', '2014-11-04 00:00:00.000000', 'sean@gmail.com'),
(76, 'a76', '2014-11-04 00:00:00.000000', 'sean@gmail.com'),
(77, 'a77', '2014-11-04 00:00:00.000000', 'sean@gmail.com'),
(78, 'a78', '2014-11-04 00:00:00.000000', 'sean@gmail.com'),
(79, 'a79', '2014-11-04 00:00:00.000000', 'sean@gmail.com'),
(80, 'a80', '2014-11-04 00:00:00.000000', 'sean@gmail.com'),
(81, 'a81', '2014-11-04 00:00:00.000000', 'sean@gmail.com'),
(82, 'a82', '2014-11-04 00:00:00.000000', 'sean@gmail.com'),
(83, 'a83', '2014-11-04 00:00:00.000000', 'sean@gmail.com'),
(84, 'a84', '2014-11-04 00:00:00.000000', 'sean@gmail.com'),
(85, 'a85', '2014-11-04 00:00:00.000000', 'sean@gmail.com'),
(86, 'a86', '2014-11-04 00:00:00.000000', 'sean@gmail.com'),
(87, 'a87', '2014-11-04 00:00:00.000000', 'sean@gmail.com'),
(88, 'a88', '2014-11-04 00:00:00.000000', 'sean@gmail.com'),
(89, 'a89', '2014-11-04 00:00:00.000000', 'sean@gmail.com'),
(90, 'a90', '2014-11-04 00:00:00.000000', 'sean@gmail.com'),
(91, 'a91', '2014-11-04 00:00:00.000000', 'sean@gmail.com'),
(92, 'a92', '2014-11-04 00:00:00.000000', 'sean@gmail.com'),
(93, 'a93', '2014-11-04 00:00:00.000000', 'sean@gmail.com'),
(94, 'a94', '2014-11-04 00:00:00.000000', 'sean@gmail.com'),
(95, 'a95', '2014-11-04 00:00:00.000000', 'sean@gmail.com'),
(96, 'a96', '2013-11-04 00:00:00.000000', 'sean@gmail.com'),
(97, 'a97', '2013-11-04 00:00:00.000000', 'sean@gmail.com'),
(98, 'a98', '2013-11-04 00:00:00.000000', 'sean@gmail.com'),
(99, 'a99', '2013-11-04 00:00:00.000000', 'sean@gmail.com'),
(100, 'a100', '2013-11-04 00:00:00.000000', 'sean@gmail.com'),
(101, 'a101', '2013-11-04 00:00:00.000000', 'sean@gmail.com'),
(102, 'a102', '2013-11-04 00:00:00.000000', 'sean@gmail.com'),
(103, 'a103', '2013-11-04 00:00:00.000000', 'sean@gmail.com'),
(104, 'a104', '2013-11-04 00:00:00.000000', 'sean@gmail.com'),
(105, 'a105', '2013-11-04 00:00:00.000000', 'sean@gmail.com'),
(106, 'a106', '2013-11-04 00:00:00.000000', 'sean@gmail.com'),
(107, 'a107', '2013-11-04 00:00:00.000000', 'sean@gmail.com'),
(108, 'a108', '2013-11-04 00:00:00.000000', 'sean@gmail.com'),
(109, 'a109', '2013-11-04 00:00:00.000000', 'sean@gmail.com'),
(110, 'a110', '2013-11-04 00:00:00.000000', 'sean@gmail.com'),
(111, 'a111', '2013-11-04 00:00:00.000000', 'sean@gmail.com'),
(112, 'a112', '2013-11-04 00:00:00.000000', 'sean@gmail.com'),
(113, 'a113', '2013-11-04 00:00:00.000000', 'sean@gmail.com'),
(114, 'a114', '2013-11-04 00:00:00.000000', 'sean@gmail.com'),
(115, 'a115', '2013-11-04 00:00:00.000000', 'sean@gmail.com'),
(116, 'a116', '2013-11-04 00:00:00.000000', 'sean@gmail.com'),
(117, 'a117', '2013-11-04 00:00:00.000000', 'sean@gmail.com'),
(118, 'a118', '2013-11-04 00:00:00.000000', 'sean@gmail.com'),
(119, 'a119', '2013-11-04 00:00:00.000000', 'sean@gmail.com'),
(120, 'a120', '2013-11-04 00:00:00.000000', 'sean@gmail.com'),
(121, 'a121', '2013-11-04 00:00:00.000000', 'sean@gmail.com'),
(122, 'a122', '2013-11-04 00:00:00.000000', 'sean@gmail.com'),
(123, 'a123', '2013-11-04 00:00:00.000000', 'sean@gmail.com'),
(124, 'a124', '2013-11-04 00:00:00.000000', 'sean@gmail.com'),
(125, 'a125', '2013-11-04 00:00:00.000000', 'sean@gmail.com'),
(126, 'a126', '2013-11-04 00:00:00.000000', 'sean@gmail.com'),
(127, 'a127', '2013-11-04 00:00:00.000000', 'sean@gmail.com'),
(128, 'a128', '2013-11-04 00:00:00.000000', 'sean@gmail.com'),
(129, 'a129', '2013-11-04 00:00:00.000000', 'sean@gmail.com'),
(130, 'a130', '2013-11-04 00:00:00.000000', 'sean@gmail.com'),
(131, 'a131', '2013-11-04 00:00:00.000000', 'sean@gmail.com'),
(132, 'a132', '2013-11-04 00:00:00.000000', 'sean@gmail.com'),
(133, 'a133', '2013-11-04 00:00:00.000000', 'sean@gmail.com'),
(134, 'a134', '2013-11-04 00:00:00.000000', 'sean@gmail.com'),
(135, 'a135', '2013-11-04 00:00:00.000000', 'sean@gmail.com'),
(136, 'a136', '2013-11-04 00:00:00.000000', 'sean@gmail.com'),
(137, 'a137', '2013-11-04 00:00:00.000000', 'sean@gmail.com'),
(138, 'a138', '2013-11-04 00:00:00.000000', 'sean@gmail.com'),
(139, 'a139', '2013-11-04 00:00:00.000000', 'sean@gmail.com'),
(140, 'a140', '2013-11-04 00:00:00.000000', 'sean@gmail.com'),
(141, 'a141', '2013-11-04 00:00:00.000000', 'sean@gmail.com'),
(142, 'a142', '2013-11-04 00:00:00.000000', 'sean@gmail.com'),
(143, 'a143', '2013-11-04 00:00:00.000000', 'sean@gmail.com'),
(144, 'a144', '2013-11-04 00:00:00.000000', 'sean@gmail.com'),
(145, 'a145', '2013-11-04 00:00:00.000000', 'sean@gmail.com'),
(146, 'a146', '2013-11-04 00:00:00.000000', 'sean@gmail.com'),
(147, 'a147', '2013-11-04 00:00:00.000000', 'sean@gmail.com'),
(148, 'a148', '2013-11-04 00:00:00.000000', 'sean@gmail.com'),
(149, 'a149', '2013-11-04 00:00:00.000000', 'sean@gmail.com'),
(150, 'a150', '2013-11-04 00:00:00.000000', 'sean@gmail.com'),
(151, 'a151', '2013-11-04 00:00:00.000000', 'sean@gmail.com'),
(152, 'a152', '2013-11-04 00:00:00.000000', 'sean@gmail.com'),
(153, 'a153', '2013-11-04 00:00:00.000000', 'sean@gmail.com'),
(154, 'a154', '2013-11-04 00:00:00.000000', 'sean@gmail.com'),
(155, 'a155', '2013-11-04 00:00:00.000000', 'sean@gmail.com'),
(156, 'a156', '2013-11-04 00:00:00.000000', 'sean@gmail.com'),
(157, 'a157', '2013-11-04 00:00:00.000000', 'sean@gmail.com'),
(158, 'a158', '2013-11-04 00:00:00.000000', 'sean@gmail.com'),
(159, 'a159', '2013-11-04 00:00:00.000000', 'sean@gmail.com'),
(160, 'a160', '2013-11-04 00:00:00.000000', 'sean@gmail.com'),
(161, 'a161', '2013-11-04 00:00:00.000000', 'sean@gmail.com'),
(162, 'a162', '2013-11-04 00:00:00.000000', 'sean@gmail.com'),
(163, 'a163', '2013-11-04 00:00:00.000000', 'sean@gmail.com'),
(164, 'a164', '2013-11-04 00:00:00.000000', 'sean@gmail.com'),
(165, 'a165', '2013-11-04 00:00:00.000000', 'sean@gmail.com'),
(166, 'a166', '2013-11-04 00:00:00.000000', 'sean@gmail.com'),
(167, 'a167', '2013-11-04 00:00:00.000000', 'sean@gmail.com'),
(168, 'a168', '2013-11-04 00:00:00.000000', 'sean@gmail.com'),
(169, 'a169', '2013-11-04 00:00:00.000000', 'sean@gmail.com'),
(170, 'a170', '2013-11-04 00:00:00.000000', 'sean@gmail.com'),
(171, 'a171', '2013-11-04 00:00:00.000000', 'sean@gmail.com'),
(172, 'a172', '2013-11-04 00:00:00.000000', 'sean@gmail.com'),
(173, 'a173', '2013-11-04 00:00:00.000000', 'sean@gmail.com'),
(174, 'a174', '2013-11-04 00:00:00.000000', 'sean@gmail.com'),
(175, 'a175', '2013-11-04 00:00:00.000000', 'sean@gmail.com'),
(176, 'a176', '2013-11-04 00:00:00.000000', 'sean@gmail.com'),
(177, 'a177', '2013-11-04 00:00:00.000000', 'sean@gmail.com'),
(178, 'a178', '2013-11-04 00:00:00.000000', 'sean@gmail.com'),
(179, 'a179', '2013-11-04 00:00:00.000000', 'sean@gmail.com'),
(180, 'a180', '2013-11-04 00:00:00.000000', 'sean@gmail.com'),
(181, 'a181', '2013-11-04 00:00:00.000000', 'sean@gmail.com'),
(182, 'a182', '2013-11-04 00:00:00.000000', 'sean@gmail.com'),
(183, 'a183', '2013-11-04 00:00:00.000000', 'sean@gmail.com'),
(184, 'a184', '2013-11-04 00:00:00.000000', 'sean@gmail.com'),
(185, 'a185', '2013-11-04 00:00:00.000000', 'sean@gmail.com'),
(186, 'a186', '2013-11-04 00:00:00.000000', 'sean@gmail.com'),
(187, 'a187', '2013-11-04 00:00:00.000000', 'sean@gmail.com'),
(188, 'a188', '2013-11-04 00:00:00.000000', 'sean@gmail.com'),
(189, 'a189', '2013-11-04 00:00:00.000000', 'sean@gmail.com'),
(190, 'a190', '2013-11-04 00:00:00.000000', 'sean@gmail.com'),
(191, 'a191', '2013-11-04 00:00:00.000000', 'sean@gmail.com'),
(192, 'a192', '2013-11-04 00:00:00.000000', 'sean@gmail.com'),
(193, 'a193', '2013-11-04 00:00:00.000000', 'sean@gmail.com'),
(194, 'a194', '2013-11-04 00:00:00.000000', 'sean@gmail.com'),
(195, 'a195', '2013-11-04 00:00:00.000000', 'sean@gmail.com'),
(196, 'a196', '2013-11-04 00:00:00.000000', 'sean@gmail.com'),
(197, 'a197', '2013-11-04 00:00:00.000000', 'sean@gmail.com'),
(198, 'a198', '2013-11-04 00:00:00.000000', 'sean@gmail.com'),
(199, 'a199', '2013-11-04 00:00:00.000000', 'sean@gmail.com'),
(200, 'a200', '2013-11-04 00:00:00.000000', 'sean@gmail.com'),
(201, 'a201', '2013-11-04 00:00:00.000000', 'sean@gmail.com'),
(202, 'a202', '2013-11-04 00:00:00.000000', 'sean@gmail.com'),
(203, 'a203', '2013-11-04 00:00:00.000000', 'sean@gmail.com'),
(204, 'a204', '2013-11-04 00:00:00.000000', 'sean@gmail.com'),
(205, 'a205', '2013-11-04 00:00:00.000000', 'sean@gmail.com'),
(206, 'a206', '2013-11-04 00:00:00.000000', 'sean@gmail.com'),
(207, 'a207', '2013-11-04 00:00:00.000000', 'sean@gmail.com'),
(208, 'a208', '2013-11-04 00:00:00.000000', 'sean@gmail.com'),
(209, 'a209', '2013-11-04 00:00:00.000000', 'sean@gmail.com'),
(210, 'a210', '2013-11-04 00:00:00.000000', 'sean@gmail.com'),
(211, 'a211', '2013-11-04 00:00:00.000000', 'sean@gmail.com'),
(212, 'a212', '2013-11-04 00:00:00.000000', 'sean@gmail.com'),
(213, 'a213', '2013-11-04 00:00:00.000000', 'sean@gmail.com'),
(214, 'a214', '2013-11-04 00:00:00.000000', 'sean@gmail.com'),
(215, 'a215', '2013-11-04 00:00:00.000000', 'sean@gmail.com'),
(216, 'a216', '2013-11-04 00:00:00.000000', 'sean@gmail.com'),
(217, 'a217', '2013-11-04 00:00:00.000000', 'sean@gmail.com'),
(218, 'a218', '2013-11-04 00:00:00.000000', 'sean@gmail.com'),
(219, 'a219', '2013-11-04 00:00:00.000000', 'sean@gmail.com'),
(220, 'a220', '2013-11-04 00:00:00.000000', 'sean@gmail.com'),
(221, 'a221', '2013-11-04 00:00:00.000000', 'sean@gmail.com'),
(222, 'a222', '2013-11-04 00:00:00.000000', 'sean@gmail.com'),
(223, 'a223', '2013-11-04 00:00:00.000000', 'sean@gmail.com'),
(224, 'a224', '2013-11-04 00:00:00.000000', 'sean@gmail.com'),
(225, 'a225', '2013-11-04 00:00:00.000000', 'sean@gmail.com'),
(226, 'a226', '2013-11-04 00:00:00.000000', 'sean@gmail.com'),
(227, 'a227', '2013-11-04 00:00:00.000000', 'sean@gmail.com'),
(228, 'a228', '2013-11-04 00:00:00.000000', 'sean@gmail.com'),
(229, 'a229', '2013-11-04 00:00:00.000000', 'sean@gmail.com'),
(230, 'a230', '2013-11-04 00:00:00.000000', 'sean@gmail.com'),
(231, 'a231', '2013-11-04 00:00:00.000000', 'sean@gmail.com'),
(232, 'a232', '2013-11-04 00:00:00.000000', 'sean@gmail.com'),
(233, 'a233', '2013-11-04 00:00:00.000000', 'sean@gmail.com'),
(234, 'a234', '2013-11-04 00:00:00.000000', 'sean@gmail.com'),
(235, 'a235', '2013-11-04 00:00:00.000000', 'sean@gmail.com'),
(236, 'a236', '2013-11-04 00:00:00.000000', 'sean@gmail.com'),
(237, 'a237', '2013-11-04 00:00:00.000000', 'sean@gmail.com'),
(238, 'a238', '2013-11-04 00:00:00.000000', 'sean@gmail.com'),
(239, 'a239', '2013-11-04 00:00:00.000000', 'sean@gmail.com'),
(240, 'a240', '2013-11-04 00:00:00.000000', 'sean@gmail.com'),
(241, 'a241', '2013-11-04 00:00:00.000000', 'sean@gmail.com'),
(242, 'a242', '2013-11-04 00:00:00.000000', 'sean@gmail.com'),
(243, 'a243', '2013-11-04 00:00:00.000000', 'sean@gmail.com'),
(244, 'a244', '2013-11-04 00:00:00.000000', 'sean@gmail.com'),
(245, 'a245', '2013-11-04 00:00:00.000000', 'sean@gmail.com'),
(246, 'a246', '2013-11-04 00:00:00.000000', 'sean@gmail.com'),
(247, 'a247', '2013-11-04 00:00:00.000000', 'sean@gmail.com'),
(248, 'a248', '2013-11-04 00:00:00.000000', 'sean@gmail.com'),
(249, 'a249', '2013-11-04 00:00:00.000000', 'sean@gmail.com'),
(250, 'a250', '2013-11-04 00:00:00.000000', 'sean@gmail.com'),
(251, 'a251', '2013-11-04 00:00:00.000000', 'sean@gmail.com'),
(252, 'a252', '2013-11-04 00:00:00.000000', 'sean@gmail.com'),
(253, 'a253', '2013-11-04 00:00:00.000000', 'sean@gmail.com'),
(254, 'a254', '2013-11-04 00:00:00.000000', 'sean@gmail.com'),
(255, 'a255', '2013-11-04 00:00:00.000000', 'sean@gmail.com'),
(256, 'a256', '2013-11-04 00:00:00.000000', 'sean@gmail.com'),
(257, 'a257', '2013-11-04 00:00:00.000000', 'sean@gmail.com'),
(258, 'a258', '2013-11-04 00:00:00.000000', 'sean@gmail.com'),
(259, 'a259', '2013-11-04 00:00:00.000000', 'sean@gmail.com'),
(260, 'a260', '2013-11-04 00:00:00.000000', 'sean@gmail.com'),
(261, 'a261', '2013-11-04 00:00:00.000000', 'sean@gmail.com'),
(262, 'a262', '2013-11-04 00:00:00.000000', 'sean@gmail.com'),
(263, 'a263', '2013-11-04 00:00:00.000000', 'sean@gmail.com'),
(264, 'a264', '2013-11-04 00:00:00.000000', 'sean@gmail.com'),
(265, 'a265', '2013-11-04 00:00:00.000000', 'sean@gmail.com'),
(266, 'a266', '2013-11-04 00:00:00.000000', 'sean@gmail.com'),
(267, 'a267', '2013-11-04 00:00:00.000000', 'sean@gmail.com'),
(268, 'a268', '2013-11-04 00:00:00.000000', 'sean@gmail.com'),
(269, 'a269', '2013-11-04 00:00:00.000000', 'sean@gmail.com'),
(270, 'a270', '2013-11-04 00:00:00.000000', 'sean@gmail.com'),
(271, 'a271', '2013-11-04 00:00:00.000000', 'sean@gmail.com'),
(272, 'a272', '2013-11-04 00:00:00.000000', 'sean@gmail.com'),
(273, 'a273', '2013-11-04 00:00:00.000000', 'sean@gmail.com'),
(274, 'a274', '2013-11-04 00:00:00.000000', 'sean@gmail.com'),
(275, 'a275', '2013-11-04 00:00:00.000000', 'sean@gmail.com'),
(276, 'a276', '2013-11-04 00:00:00.000000', 'sean@gmail.com'),
(277, 'a277', '2013-11-04 00:00:00.000000', 'seankwok794@gmail.com'),
(278, 'a278', '2013-11-04 00:00:00.000000', 'seankwok794@gmail.com'),
(279, 'a279', '2013-11-04 00:00:00.000000', 'seankwok794@gmail.com'),
(280, 'a280', '2013-11-04 00:00:00.000000', 'seankwok794@gmail.com'),
(281, 'a281', '2013-11-04 00:00:00.000000', 'seankwok794@gmail.com'),
(282, 'a282', '2013-11-04 00:00:00.000000', 'seankwok794@gmail.com'),
(283, 'a283', '2013-11-04 00:00:00.000000', 'seankwok794@gmail.com'),
(284, 'a284', '2013-11-04 00:00:00.000000', 'seankwok794@gmail.com'),
(285, 'a285', '2013-11-04 00:00:00.000000', 'seankwok794@gmail.com'),
(286, 'a286', '2013-11-04 00:00:00.000000', 'seankwok794@gmail.com'),
(287, 'a287', '2013-11-04 00:00:00.000000', 'seankwok794@gmail.com'),
(288, 'a288', '2013-11-04 00:00:00.000000', 'seankwok794@gmail.com'),
(289, 'a289', '2013-11-04 00:00:00.000000', 'seankwok794@gmail.com'),
(290, 'a290', '2013-11-04 00:00:00.000000', 'seankwok794@gmail.com'),
(291, 'a291', '2013-11-04 00:00:00.000000', 'seankwok794@gmail.com'),
(292, 'a292', '2013-11-04 00:00:00.000000', 'seankwok794@gmail.com'),
(293, 'a293', '2013-11-04 00:00:00.000000', 'seankwok794@gmail.com'),
(294, 'a294', '2013-11-04 00:00:00.000000', 'seankwok794@gmail.com'),
(295, 'a295', '2013-11-04 00:00:00.000000', 'seankwok794@gmail.com'),
(296, 'a296', '2013-11-04 00:00:00.000000', 'seankwok794@gmail.com'),
(297, 'a297', '2013-11-04 00:00:00.000000', 'seankwok794@gmail.com'),
(298, 'a298', '2013-11-04 00:00:00.000000', 'seankwok794@gmail.com'),
(299, 'a299', '2013-11-04 00:00:00.000000', 'seankwok794@gmail.com'),
(300, 'a300', '2013-11-04 00:00:00.000000', 'seankwok794@gmail.com'),
(301, 'a301', '2013-11-04 00:00:00.000000', 'seankwok794@gmail.com'),
(302, 'a302', '2013-11-04 00:00:00.000000', 'seankwok794@gmail.com'),
(303, 'a303', '2013-11-04 00:00:00.000000', 'seankwok794@gmail.com'),
(304, 'a304', '2013-11-04 00:00:00.000000', 'seankwok794@gmail.com'),
(305, 'a305', '2013-11-04 00:00:00.000000', 'seankwok794@gmail.com'),
(306, 'a306', '2013-11-04 00:00:00.000000', 'seankwok794@gmail.com'),
(307, 'a307', '2013-11-04 00:00:00.000000', 'seankwok794@gmail.com'),
(308, 'a308', '2013-11-04 00:00:00.000000', 'seankwok794@gmail.com'),
(309, 'a309', '2013-11-04 00:00:00.000000', 'seankwok794@gmail.com'),
(310, 'a310', '2013-11-04 00:00:00.000000', 'seankwok794@gmail.com'),
(311, 'a311', '2013-11-04 00:00:00.000000', 'seankwok794@gmail.com'),
(312, 'a312', '2013-11-04 00:00:00.000000', 'seankwok794@gmail.com'),
(313, 'a313', '2013-11-04 00:00:00.000000', 'seankwok794@gmail.com'),
(314, 'a314', '2013-11-04 00:00:00.000000', 'seankwok794@gmail.com'),
(315, 'a315', '2013-11-04 00:00:00.000000', 'seankwok794@gmail.com'),
(316, 'a316', '2013-11-04 00:00:00.000000', 'seankwok794@gmail.com'),
(317, 'a317', '2013-11-04 00:00:00.000000', 'seankwok794@gmail.com'),
(318, 'a318', '2013-11-04 00:00:00.000000', 'seankwok794@gmail.com'),
(319, 'a319', '2013-11-04 00:00:00.000000', 'seankwok794@gmail.com'),
(320, 'a320', '2013-11-04 00:00:00.000000', 'seankwok794@gmail.com'),
(321, 'a321', '2013-11-04 00:00:00.000000', 'seankwok794@gmail.com'),
(322, 'a322', '2013-11-04 00:00:00.000000', 'seankwok794@gmail.com'),
(323, 'a323', '2013-11-04 00:00:00.000000', 'seankwok794@gmail.com'),
(324, 'a324', '2013-11-04 00:00:00.000000', 'seankwok794@gmail.com'),
(325, 'a325', '2013-11-04 00:00:00.000000', 'seankwok794@gmail.com'),
(326, 'a326', '2013-11-04 00:00:00.000000', 'seankwok794@gmail.com'),
(327, 'a327', '2013-11-04 00:00:00.000000', 'seankwok794@gmail.com'),
(328, 'a328', '2013-11-04 00:00:00.000000', 'seankwok794@gmail.com'),
(329, 'a329', '2013-11-04 00:00:00.000000', 'seankwok794@gmail.com'),
(330, 'a330', '2013-11-04 00:00:00.000000', 'seankwok794@gmail.com'),
(331, 'a331', '2013-11-04 00:00:00.000000', 'seankwok794@gmail.com'),
(332, 'a332', '2013-11-04 00:00:00.000000', 'seankwok794@gmail.com'),
(333, 'a333', '2013-11-04 00:00:00.000000', 'seankwok794@gmail.com'),
(334, 'a334', '2013-11-04 00:00:00.000000', 'seankwok794@gmail.com'),
(335, 'a335', '2013-11-04 00:00:00.000000', 'seankwok794@gmail.com'),
(336, 'a336', '2013-11-04 00:00:00.000000', 'seankwok794@gmail.com'),
(337, 'a337', '2013-11-04 00:00:00.000000', 'seankwok794@gmail.com'),
(338, 'a338', '2012-01-01 00:00:00.000000', 'seankwok794@gmail.com'),
(339, 'a339', '2012-01-02 00:00:00.000000', 'seankwok794@gmail.com'),
(340, 'a340', '2012-01-03 00:00:00.000000', 'seankwok794@gmail.com'),
(341, 'a341', '2012-01-04 00:00:00.000000', 'seankwok794@gmail.com'),
(342, 'a342', '2012-01-05 00:00:00.000000', 'seankwok794@gmail.com'),
(343, 'a343', '2012-01-06 00:00:00.000000', 'seankwok794@gmail.com'),
(344, 'a344', '2012-01-07 00:00:00.000000', 'seankwok794@gmail.com'),
(345, 'a345', '2012-01-08 00:00:00.000000', 'seankwok794@gmail.com'),
(346, 'a346', '2012-01-09 00:00:00.000000', 'seankwok794@gmail.com'),
(347, 'a347', '2012-01-10 00:00:00.000000', 'seankwok794@gmail.com'),
(348, 'a348', '2012-01-11 00:00:00.000000', 'seankwok794@gmail.com'),
(349, 'a349', '2012-01-12 00:00:00.000000', 'seankwok794@gmail.com'),
(350, 'a350', '2012-01-13 00:00:00.000000', 'seankwok794@gmail.com'),
(351, 'a351', '2012-01-14 00:00:00.000000', 'seankwok794@gmail.com'),
(352, 'a352', '2012-01-15 00:00:00.000000', 'seankwok794@gmail.com'),
(353, 'a353', '2010-11-05 00:00:00.000000', 'seankwok794@gmail.com'),
(354, 'a354', '2010-11-05 00:00:00.000000', 'seankwok794@gmail.com'),
(355, 'a355', '2010-11-05 00:00:00.000000', 'seankwok794@gmail.com'),
(356, 'a356', '2010-11-05 00:00:00.000000', 'seankwok794@gmail.com'),
(357, 'a357', '2010-11-05 00:00:00.000000', 'seankwok794@gmail.com'),
(358, 'a358', '2010-11-05 00:00:00.000000', 'seankwok794@gmail.com'),
(359, 'a359', '2010-11-05 00:00:00.000000', 'seankwok794@gmail.com'),
(360, 'a360', '2010-11-05 00:00:00.000000', 'seankwok794@gmail.com'),
(361, 'a361', '2010-11-05 00:00:00.000000', 'seankwok794@gmail.com'),
(362, 'a362', '2010-11-05 00:00:00.000000', 'seankwok794@gmail.com'),
(363, 'a363', '2010-11-05 00:00:00.000000', 'seankwok794@gmail.com'),
(364, 'a364', '2010-11-05 00:00:00.000000', 'seankwok794@gmail.com'),
(365, 'a365', '2010-11-05 00:00:00.000000', 'seankwok794@gmail.com'),
(366, 'a366', '2010-11-05 00:00:00.000000', 'seankwok794@gmail.com'),
(367, 'a367', '2010-11-05 00:00:00.000000', 'seankwok794@gmail.com'),
(368, 'a368', '2010-11-05 00:00:00.000000', 'seankwok794@gmail.com'),
(369, 'a369', '2010-11-05 00:00:00.000000', 'seankwok794@gmail.com'),
(370, 'a370', '2010-11-05 00:00:00.000000', 'seankwok794@gmail.com'),
(371, 'a371', '2010-11-05 00:00:00.000000', 'seankwok794@gmail.com'),
(372, 'a372', '2010-11-05 00:00:00.000000', 'seankwok794@gmail.com'),
(373, 'a373', '2010-11-05 00:00:00.000000', 'seankwok794@gmail.com'),
(374, 'a374', '2010-11-05 00:00:00.000000', 'seankwok794@gmail.com'),
(375, 'a375', '2010-11-05 00:00:00.000000', 'seankwok794@gmail.com'),
(376, 'a376', '2010-11-05 00:00:00.000000', 'seankwok794@gmail.com'),
(377, 'a377', '2010-11-05 00:00:00.000000', 'seankwok794@gmail.com'),
(378, 'a378', '2010-11-05 00:00:00.000000', 'seankwok794@gmail.com'),
(379, 'a379', '2010-11-05 00:00:00.000000', 'seankwok794@gmail.com'),
(380, 'a380', '2010-11-05 00:00:00.000000', 'seankwok794@gmail.com'),
(381, 'a381', '2010-11-05 00:00:00.000000', 'seankwok794@gmail.com'),
(382, 'a382', '2010-11-05 00:00:00.000000', 'seankwok794@gmail.com'),
(383, 'a383', '2010-11-05 00:00:00.000000', 'seankwok794@gmail.com'),
(384, 'a384', '2010-11-05 00:00:00.000000', 'seankwok794@gmail.com'),
(385, 'a385', '2010-11-05 00:00:00.000000', 'seankwok794@gmail.com'),
(386, 'a386', '2010-11-05 00:00:00.000000', 'seankwok794@gmail.com'),
(387, 'a387', '2010-11-05 00:00:00.000000', 'seankwok794@gmail.com'),
(388, 'a388', '2010-11-05 00:00:00.000000', 'seankwok794@gmail.com'),
(389, 'a389', '2010-11-05 00:00:00.000000', 'seankwok794@gmail.com'),
(390, 'a390', '2010-11-05 00:00:00.000000', 'seankwok794@gmail.com'),
(391, 'a391', '2010-11-05 00:00:00.000000', 'seankwok794@gmail.com'),
(392, 'a392', '2010-11-05 00:00:00.000000', 'seankwok794@gmail.com'),
(393, 'a393', '2010-11-05 00:00:00.000000', 'seankwok794@gmail.com'),
(394, 'a394', '2010-11-05 00:00:00.000000', 'seankwok794@gmail.com'),
(395, 'a395', '2010-11-05 00:00:00.000000', 'seankwok794@gmail.com'),
(396, 'a396', '2010-11-05 00:00:00.000000', 'seankwok794@gmail.com'),
(397, 'a397', '2010-11-05 00:00:00.000000', 'seankwok794@gmail.com'),
(398, 'a398', '2010-11-05 00:00:00.000000', 'seankwok794@gmail.com'),
(399, 'a399', '2010-11-05 00:00:00.000000', 'seankwok794@gmail.com'),
(400, 'a400', '2010-11-05 00:00:00.000000', 'seankwok794@gmail.com'),
(401, 'a401', '2010-11-05 00:00:00.000000', 'seankwok794@gmail.com'),
(402, 'a402', '2010-11-05 00:00:00.000000', 'seankwok794@gmail.com'),
(403, 'a403', '2010-11-05 00:00:00.000000', 'seankwok794@gmail.com'),
(404, 'a404', '2010-11-05 00:00:00.000000', 'seankwok794@gmail.com'),
(405, 'a405', '2010-11-05 00:00:00.000000', 'seankwok794@gmail.com'),
(406, 'a406', '2010-11-05 00:00:00.000000', 'seankwok794@gmail.com'),
(407, 'a407', '2010-11-05 00:00:00.000000', 'seankwok794@gmail.com'),
(408, 'a408', '2010-11-05 00:00:00.000000', 'seankwok794@gmail.com'),
(409, 'a409', '2010-11-05 00:00:00.000000', 'seankwok794@gmail.com'),
(410, 'a410', '2010-11-05 00:00:00.000000', 'seankwok794@gmail.com'),
(411, 'a411', '2010-11-05 00:00:00.000000', 'seankwok794@gmail.com'),
(412, 'a412', '2010-11-05 00:00:00.000000', 'seankwok794@gmail.com'),
(413, 'a413', '2010-11-05 00:00:00.000000', 'seankwok794@gmail.com'),
(414, 'a414', '2010-11-05 00:00:00.000000', 'seankwok794@gmail.com'),
(415, 'a415', '2010-11-05 00:00:00.000000', 'seankwok794@gmail.com'),
(416, 'a416', '2010-11-05 00:00:00.000000', 'seankwok794@gmail.com'),
(417, 'a417', '2010-11-05 00:00:00.000000', 'seankwok794@gmail.com'),
(418, 'a418', '2010-11-05 00:00:00.000000', 'seankwok794@gmail.com'),
(419, 'a419', '2010-11-05 00:00:00.000000', 'seankwok794@gmail.com'),
(420, 'a420', '2010-11-05 00:00:00.000000', 'seankwok794@gmail.com'),
(421, 'a421', '2010-11-05 00:00:00.000000', 'seankwok794@gmail.com'),
(422, 'a422', '2010-11-05 00:00:00.000000', 'seankwok794@gmail.com'),
(423, 'a423', '2010-11-05 00:00:00.000000', 'seankwok794@gmail.com'),
(424, 'a424', '2010-11-05 00:00:00.000000', 'seankwok794@gmail.com'),
(425, 'a425', '2010-11-05 00:00:00.000000', 'seankwok794@gmail.com'),
(426, 'a426', '2010-11-05 00:00:00.000000', 'seankwok794@gmail.com'),
(427, 'a427', '2010-11-05 00:00:00.000000', 'seankwok794@gmail.com'),
(428, 'a428', '2010-11-05 00:00:00.000000', 'seankwok794@gmail.com'),
(429, 'a429', '2010-11-05 00:00:00.000000', 'seankwok794@gmail.com'),
(430, 'a430', '2010-11-05 00:00:00.000000', 'seankwok794@gmail.com'),
(431, 'a431', '2010-11-05 00:00:00.000000', 'seankwok794@gmail.com'),
(432, 'a432', '2010-11-05 00:00:00.000000', 'seankwok794@gmail.com'),
(433, 'a433', '2010-11-05 00:00:00.000000', 'seankwok794@gmail.com'),
(434, 'a434', '2010-11-05 00:00:00.000000', 'seankwok794@gmail.com'),
(435, 'a435', '2010-11-05 00:00:00.000000', 'seankwok794@gmail.com'),
(436, 'a436', '2010-11-05 00:00:00.000000', 'seankwok794@gmail.com'),
(437, 'a437', '2010-11-05 00:00:00.000000', 'seankwok794@gmail.com'),
(438, 'a438', '2010-11-05 00:00:00.000000', 'seankwok794@gmail.com'),
(439, 'a439', '2010-11-05 00:00:00.000000', 'seankwok794@gmail.com'),
(440, 'a440', '2010-11-05 00:00:00.000000', 'seankwok794@gmail.com'),
(441, 'a441', '2010-11-05 00:00:00.000000', 'seankwok794@gmail.com'),
(442, 'a442', '2010-11-05 00:00:00.000000', 'seankwok794@gmail.com'),
(443, 'a443', '2010-11-05 00:00:00.000000', 'seankwok794@gmail.com'),
(444, 'a444', '2010-11-05 00:00:00.000000', 'seankwok794@gmail.com'),
(445, 'a445', '2010-11-05 00:00:00.000000', 'seankwok794@gmail.com'),
(446, 'a446', '2010-11-05 00:00:00.000000', 'seankwok794@gmail.com'),
(447, 'a447', '2010-11-05 00:00:00.000000', 'seankwok794@gmail.com'),
(448, 'a448', '2010-11-05 00:00:00.000000', 'seankwok794@gmail.com'),
(449, 'a449', '2010-11-05 00:00:00.000000', 'seankwok794@gmail.com'),
(450, 'a450', '2010-11-05 00:00:00.000000', 'seankwok794@gmail.com'),
(451, 'a451', '2010-11-05 00:00:00.000000', 'seankwok794@gmail.com'),
(452, 'a452', '2010-11-05 00:00:00.000000', 'seankwok794@gmail.com'),
(453, 'a453', '2010-11-05 00:00:00.000000', 'seankwok794@gmail.com'),
(454, 'a454', '2010-11-05 00:00:00.000000', 'seankwok794@gmail.com'),
(455, 'a455', '2010-11-05 00:00:00.000000', 'seankwok794@gmail.com'),
(456, 'a456', '2010-11-05 00:00:00.000000', 'seankwok794@gmail.com'),
(457, 'a457', '2010-11-05 00:00:00.000000', 'seankwok794@gmail.com'),
(458, 'a458', '2010-11-05 00:00:00.000000', 'seankwok794@gmail.com'),
(459, 'a459', '2010-11-05 00:00:00.000000', 'seankwok794@gmail.com'),
(460, 'a460', '2010-11-05 00:00:00.000000', 'seankwok794@gmail.com'),
(461, 'a461', '2010-11-05 00:00:00.000000', 'seankwok794@gmail.com'),
(462, 'a462', '2010-11-05 00:00:00.000000', 'seankwok794@gmail.com'),
(463, 'a463', '2010-11-05 00:00:00.000000', 'seankwok794@gmail.com'),
(464, 'a464', '2010-11-05 00:00:00.000000', 'seankwok794@gmail.com'),
(465, 'a465', '2010-11-05 00:00:00.000000', 'seankwok794@gmail.com'),
(466, 'a466', '2010-11-05 00:00:00.000000', 'seankwok794@gmail.com'),
(467, 'a467', '2010-11-05 00:00:00.000000', 'seankwok794@gmail.com'),
(468, 'a468', '2010-11-05 00:00:00.000000', 'seankwok794@gmail.com'),
(469, 'a469', '2010-11-05 00:00:00.000000', 'seankwok794@gmail.com'),
(470, 'a470', '2010-11-05 00:00:00.000000', 'seankwok794@gmail.com'),
(471, 'a471', '2010-11-05 00:00:00.000000', 'seankwok794@gmail.com'),
(472, 'a472', '2010-11-05 00:00:00.000000', 'seankwok794@gmail.com'),
(473, 'a473', '2010-11-05 00:00:00.000000', 'seankwok794@gmail.com'),
(474, 'a474', '2010-11-05 00:00:00.000000', 'seankwok794@gmail.com'),
(475, 'a475', '2010-11-05 00:00:00.000000', 'seankwok794@gmail.com'),
(476, 'a476', '2010-11-05 00:00:00.000000', 'seankwok794@gmail.com'),
(477, 'a477', '2010-11-05 00:00:00.000000', 'seankwok794@gmail.com'),
(478, 'a478', '2010-11-05 00:00:00.000000', 'seankwok794@gmail.com'),
(479, 'a479', '2010-11-05 00:00:00.000000', 'seankwok794@gmail.com'),
(480, 'a480', '2010-11-05 00:00:00.000000', 'seankwok794@gmail.com'),
(481, 'a481', '2010-11-05 00:00:00.000000', 'seankwok794@gmail.com'),
(482, 'a482', '2010-11-05 00:00:00.000000', 'seankwok794@gmail.com'),
(483, 'a483', '2010-11-05 00:00:00.000000', 'seankwok794@gmail.com'),
(484, 'a484', '2010-11-05 00:00:00.000000', 'seankwok794@gmail.com'),
(485, 'a485', '2010-11-05 00:00:00.000000', 'seankwok794@gmail.com'),
(486, 'a486', '2010-11-05 00:00:00.000000', 'seankwok794@gmail.com'),
(487, 'a487', '2010-11-05 00:00:00.000000', 'seankwok794@gmail.com'),
(488, 'a488', '2010-11-05 00:00:00.000000', 'seankwok794@gmail.com'),
(489, 'a489', '2010-11-05 00:00:00.000000', 'seankwok794@gmail.com'),
(490, 'a490', '2010-11-05 00:00:00.000000', 'seankwok794@gmail.com'),
(491, 'a491', '2010-11-05 00:00:00.000000', 'seankwok794@gmail.com'),
(492, 'a492', '2010-11-05 00:00:00.000000', 'seankwok794@gmail.com'),
(493, 'a493', '2010-11-05 00:00:00.000000', 'seankwok794@gmail.com'),
(494, 'a494', '2010-11-05 00:00:00.000000', 'seankwok794@gmail.com'),
(495, 'a495', '2010-11-05 00:00:00.000000', 'seankwok794@gmail.com'),
(496, 'a496', '2010-11-05 00:00:00.000000', 'seankwok794@gmail.com'),
(497, 'a497', '2010-11-05 00:00:00.000000', 'seankwok794@gmail.com'),
(498, 'a498', '2010-11-05 00:00:00.000000', 'seankwok794@gmail.com'),
(499, 'a499', '2010-11-05 00:00:00.000000', 'seankwok794@gmail.com'),
(500, 'a500', '2010-11-05 00:00:00.000000', 'seankwok794@gmail.com'),
(501, 'a501', '2010-11-05 00:00:00.000000', 'seankwok794@gmail.com'),
(502, 'a502', '2010-11-05 00:00:00.000000', 'seankwok794@gmail.com'),
(503, 'a503', '2010-11-05 00:00:00.000000', 'seankwok794@gmail.com'),
(504, 'a504', '2010-11-05 00:00:00.000000', 'seankwok794@gmail.com'),
(505, 'a505', '2010-11-05 00:00:00.000000', 'seankwok794@gmail.com'),
(506, 'a506', '2010-11-05 00:00:00.000000', 'seankwok794@gmail.com'),
(507, 'a507', '2010-11-05 00:00:00.000000', 'seankwok794@gmail.com'),
(508, 'a508', '2010-11-05 00:00:00.000000', 'seankwok794@gmail.com'),
(509, 'a509', '2010-11-05 00:00:00.000000', 'seankwok794@gmail.com'),
(510, 'a510', '2010-11-05 00:00:00.000000', 'seankwok794@gmail.com'),
(511, 'a511', '2010-11-05 00:00:00.000000', 'seankwok794@gmail.com'),
(512, 'a512', '2010-11-05 00:00:00.000000', 'seankwok794@gmail.com'),
(513, 'a513', '2010-11-05 00:00:00.000000', 'seankwok794@gmail.com'),
(514, 'a514', '2010-11-05 00:00:00.000000', 'seankwok794@gmail.com'),
(515, 'a515', '2010-11-05 00:00:00.000000', 'seankwok794@gmail.com'),
(516, 'a516', '2010-11-05 00:00:00.000000', 'seankwok794@gmail.com'),
(517, 'a517', '2010-11-05 00:00:00.000000', 'seankwok794@gmail.com'),
(518, 'a518', '2010-11-05 00:00:00.000000', 'seankwok794@gmail.com'),
(519, 'a519', '2010-11-05 00:00:00.000000', 'seankwok794@gmail.com'),
(520, 'a520', '2010-11-05 00:00:00.000000', 'seankwok794@gmail.com'),
(521, 'a521', '2010-11-05 00:00:00.000000', 'seankwok794@gmail.com'),
(522, 'a522', '2010-11-05 00:00:00.000000', 'seankwok794@gmail.com'),
(523, 'a523', '2010-11-05 00:00:00.000000', 'seankwok794@gmail.com'),
(524, 'a524', '2010-11-05 00:00:00.000000', 'seankwok794@gmail.com'),
(525, 'a525', '2010-11-05 00:00:00.000000', 'seankwok794@gmail.com'),
(526, 'a526', '2010-11-05 00:00:00.000000', 'seankwok794@gmail.com'),
(527, 'a527', '2010-11-05 00:00:00.000000', 'seankwok794@gmail.com'),
(528, 'a528', '2010-11-05 00:00:00.000000', 'seankwok794@gmail.com'),
(529, 'a529', '2010-11-05 00:00:00.000000', 'seankwok794@gmail.com'),
(530, 'a530', '2010-11-05 00:00:00.000000', 'seankwok794@gmail.com'),
(531, 'a531', '2010-11-05 00:00:00.000000', 'seankwok794@gmail.com'),
(532, 'a532', '2010-11-05 00:00:00.000000', 'seankwok794@gmail.com'),
(533, 'a533', '2010-11-05 00:00:00.000000', 'seankwok794@gmail.com'),
(534, 'a534', '2010-11-05 00:00:00.000000', 'seankwok794@gmail.com'),
(535, 'a535', '2010-11-05 00:00:00.000000', 'seankwok794@gmail.com'),
(536, 'a536', '2010-11-05 00:00:00.000000', 'seankwok794@gmail.com'),
(537, 'a537', '2010-11-05 00:00:00.000000', 'seankwok794@gmail.com'),
(538, 'a538', '2010-11-05 00:00:00.000000', 'seankwok794@gmail.com'),
(539, 'a539', '2010-11-05 00:00:00.000000', 'seankwok794@gmail.com'),
(540, 'a540', '2010-11-05 00:00:00.000000', 'seankwok794@gmail.com'),
(541, 'a541', '2010-11-05 00:00:00.000000', 'seankwok794@gmail.com'),
(542, 'a542', '2010-11-05 00:00:00.000000', 'seankwok794@gmail.com'),
(543, 'a543', '2010-11-05 00:00:00.000000', 'seankwok794@gmail.com'),
(544, 'a544', '2010-11-05 00:00:00.000000', 'seankwok794@gmail.com'),
(545, 'a545', '2010-11-05 00:00:00.000000', 'seankwok794@gmail.com'),
(546, 'a546', '2010-11-05 00:00:00.000000', 'seankwok794@gmail.com'),
(547, 'a547', '2010-11-05 00:00:00.000000', 'seankwok794@gmail.com'),
(548, 'a548', '2010-11-05 00:00:00.000000', 'seankwok794@gmail.com'),
(549, 'a549', '2010-11-05 00:00:00.000000', 'seankwok794@gmail.com'),
(550, 'a550', '2010-11-05 00:00:00.000000', 'seankwok794@gmail.com'),
(551, 'a551', '2010-11-05 00:00:00.000000', 'seankwok794@gmail.com'),
(552, 'a552', '2010-11-05 00:00:00.000000', 'seankwok794@gmail.com'),
(553, 'a553', '2010-11-05 00:00:00.000000', 'seankwok794@gmail.com'),
(554, 'a554', '2010-11-05 00:00:00.000000', 'seankwok794@gmail.com'),
(555, 'a555', '2010-11-05 00:00:00.000000', 'seankwok794@gmail.com'),
(556, 'a556', '2010-11-05 00:00:00.000000', 'seankwok794@gmail.com'),
(557, 'a557', '2010-11-05 00:00:00.000000', 'seankwok794@gmail.com'),
(558, 'a558', '2010-11-05 00:00:00.000000', 'seankwok794@gmail.com'),
(559, 'a559', '2010-11-05 00:00:00.000000', 'seankwok794@gmail.com'),
(560, 'a560', '2010-11-05 00:00:00.000000', 'seankwok794@gmail.com'),
(561, 'a561', '2010-11-05 00:00:00.000000', 'seankwok794@gmail.com'),
(562, 'a562', '2010-11-05 00:00:00.000000', 'seankwok794@gmail.com'),
(563, 'a563', '2010-11-05 00:00:00.000000', 'seankwok794@gmail.com'),
(564, 'a564', '2010-11-05 00:00:00.000000', 'seankwok794@gmail.com'),
(565, 'a565', '2010-11-05 00:00:00.000000', 'seankwok794@gmail.com'),
(566, 'a566', '2010-11-05 00:00:00.000000', 'seankwok794@gmail.com'),
(567, 'a567', '2010-11-05 00:00:00.000000', 'seankwok794@gmail.com'),
(568, 'a568', '2010-11-05 00:00:00.000000', 'seankwok794@gmail.com'),
(569, 'a569', '2010-11-05 00:00:00.000000', 'seankwok794@gmail.com'),
(570, 'a570', '2010-11-05 00:00:00.000000', 'seankwok794@gmail.com'),
(571, 'a571', '2010-11-05 00:00:00.000000', 'seankwok794@gmail.com'),
(572, 'a572', '2010-11-05 00:00:00.000000', 'seankwok794@gmail.com'),
(573, 'a573', '2010-11-05 00:00:00.000000', 'seankwok794@gmail.com'),
(574, 'a574', '2010-11-05 00:00:00.000000', 'seankwok794@gmail.com'),
(575, 'a575', '2010-11-05 00:00:00.000000', 'seankwok794@gmail.com'),
(576, 'a576', '2010-11-05 00:00:00.000000', 'seankwok794@gmail.com'),
(577, 'a577', '2010-11-05 00:00:00.000000', 'seankwok794@gmail.com'),
(578, 'a578', '2010-11-05 00:00:00.000000', 'seankwok794@gmail.com'),
(579, 'a579', '2010-11-05 00:00:00.000000', 'seankwok794@gmail.com'),
(580, 'a580', '2010-11-05 00:00:00.000000', 'seankwok794@gmail.com'),
(581, 'a581', '2010-11-05 00:00:00.000000', 'seankwok794@gmail.com'),
(582, 'a582', '2010-11-05 00:00:00.000000', 'seankwok794@gmail.com'),
(583, 'a583', '2010-11-05 00:00:00.000000', 'seankwok794@gmail.com'),
(584, 'a584', '2010-11-05 00:00:00.000000', 'seankwok794@gmail.com'),
(585, 'a585', '2010-11-05 00:00:00.000000', 'seankwok794@gmail.com'),
(586, 'a586', '2010-11-05 00:00:00.000000', 'seankwok794@gmail.com'),
(587, 'a587', '2010-11-05 00:00:00.000000', 'seankwok794@gmail.com'),
(588, 'a588', '2010-11-05 00:00:00.000000', 'seankwok794@gmail.com'),
(589, 'a589', '2010-11-05 00:00:00.000000', 'seankwok794@gmail.com'),
(590, 'a590', '2010-11-05 00:00:00.000000', 'seankwok794@gmail.com'),
(591, 'a591', '2010-11-05 00:00:00.000000', 'seankwok794@gmail.com'),
(592, 'a592', '2010-11-05 00:00:00.000000', 'seankwok794@gmail.com'),
(593, 'a593', '2010-11-05 00:00:00.000000', 'seankwok794@gmail.com'),
(594, 'a594', '2010-11-05 00:00:00.000000', 'seankwok794@gmail.com'),
(595, 'a595', '2010-11-05 00:00:00.000000', 'seankwok794@gmail.com'),
(596, 'a596', '2010-11-05 00:00:00.000000', 'seankwok794@gmail.com'),
(597, 'a597', '2010-11-05 00:00:00.000000', 'seankwok794@gmail.com'),
(598, 'a598', '2010-11-05 00:00:00.000000', 'seankwok794@gmail.com'),
(599, 'a599', '2010-11-05 00:00:00.000000', 'seankwok794@gmail.com'),
(600, 'a600', '2010-11-05 00:00:00.000000', 'seankwok794@gmail.com'),
(601, 'a601', '2010-11-05 00:00:00.000000', 'seankwok794@gmail.com'),
(602, 'a602', '2010-11-05 00:00:00.000000', 'seankwok794@gmail.com'),
(603, 'a603', '2010-11-05 00:00:00.000000', 'seankwok794@gmail.com'),
(604, 'a604', '2010-11-05 00:00:00.000000', 'seankwok794@gmail.com'),
(605, 'a605', '2010-11-05 00:00:00.000000', 'seankwok794@gmail.com'),
(606, 'a606', '2010-11-05 00:00:00.000000', 'seankwok794@gmail.com'),
(607, 'a607', '2010-11-05 00:00:00.000000', 'seankwok794@gmail.com'),
(608, 'a608', '2010-11-05 00:00:00.000000', 'seankwok794@gmail.com'),
(609, 'a609', '2010-11-05 00:00:00.000000', 'seankwok794@gmail.com'),
(610, 'a610', '2010-11-05 00:00:00.000000', 'seankwok794@gmail.com'),
(611, 'a611', '2010-11-05 00:00:00.000000', 'seankwok794@gmail.com'),
(612, 'a612', '2010-11-05 00:00:00.000000', 'seankwok794@gmail.com'),
(613, 'a613', '2010-11-05 00:00:00.000000', 'seankwok794@gmail.com'),
(614, 'a614', '2010-11-05 00:00:00.000000', 'seankwok794@gmail.com'),
(615, 'a615', '2010-11-05 00:00:00.000000', 'seankwok794@gmail.com'),
(616, 'a616', '2010-11-05 00:00:00.000000', 'seankwok794@gmail.com'),
(617, 'a617', '2010-11-05 00:00:00.000000', 'seankwok794@gmail.com'),
(618, 'a618', '2010-11-05 00:00:00.000000', 'seankwok794@gmail.com'),
(619, 'a619', '2010-11-05 00:00:00.000000', 'seankwok794@gmail.com'),
(620, 'a620', '2010-11-05 00:00:00.000000', 'seankwok794@gmail.com'),
(621, 'a621', '2010-11-05 00:00:00.000000', 'seankwok794@gmail.com'),
(622, 'a622', '2010-11-05 00:00:00.000000', 'seankwok794@gmail.com'),
(623, 'a623', '2010-11-05 00:00:00.000000', 'seankwok794@gmail.com'),
(624, 'a624', '2010-11-05 00:00:00.000000', 'seankwok794@gmail.com'),
(625, 'a625', '2010-11-05 00:00:00.000000', 'seankwok794@gmail.com'),
(626, 'a626', '2010-11-05 00:00:00.000000', 'seankwok794@gmail.com'),
(627, 'a627', '2010-11-05 00:00:00.000000', 'seankwok794@gmail.com'),
(628, 'a628', '2010-11-05 00:00:00.000000', 'seankwok794@gmail.com'),
(629, 'a629', '2010-11-05 00:00:00.000000', 'seankwok794@gmail.com'),
(630, 'a630', '2010-11-05 00:00:00.000000', 'seankwok794@gmail.com'),
(631, 'a631', '2010-11-05 00:00:00.000000', 'seankwok794@gmail.com'),
(632, 'a632', '2010-11-05 00:00:00.000000', 'seankwok794@gmail.com'),
(633, 'a633', '2010-11-05 00:00:00.000000', 'seankwok794@gmail.com'),
(634, 'a634', '2010-11-05 00:00:00.000000', 'seankwok794@gmail.com'),
(635, 'a635', '2010-11-05 00:00:00.000000', 'seankwok794@gmail.com'),
(636, 'a636', '2010-11-05 00:00:00.000000', 'seankwok794@gmail.com'),
(637, 'a637', '2010-11-05 00:00:00.000000', 'seankwok794@gmail.com'),
(638, 'a638', '2010-11-05 00:00:00.000000', 'seankwok794@gmail.com'),
(639, 'a639', '2010-11-05 00:00:00.000000', 'seankwok794@gmail.com'),
(640, 'a640', '2010-11-05 00:00:00.000000', 'seankwok794@gmail.com'),
(641, 'a641', '2010-11-05 00:00:00.000000', 'seankwok794@gmail.com'),
(642, 'a642', '2010-11-05 00:00:00.000000', 'seankwok794@gmail.com'),
(643, 'a643', '2010-11-05 00:00:00.000000', 'seankwok794@gmail.com'),
(644, 'a644', '2010-11-05 00:00:00.000000', 'seankwok794@gmail.com'),
(645, 'a645', '2010-11-05 00:00:00.000000', 'seankwok794@gmail.com'),
(646, 'a646', '2010-11-05 00:00:00.000000', 'seankwok794@gmail.com'),
(647, 'a647', '2010-11-05 00:00:00.000000', 'seankwok794@gmail.com'),
(648, 'a648', '2010-11-05 00:00:00.000000', 'seankwok794@gmail.com'),
(649, 'a649', '2010-11-05 00:00:00.000000', 'seankwok794@gmail.com'),
(650, 'a650', '2010-11-05 00:00:00.000000', 'seankwok794@gmail.com'),
(651, 'a651', '2010-11-05 00:00:00.000000', 'seankwok794@gmail.com'),
(652, 'a652', '2010-11-05 00:00:00.000000', 'seankwok794@gmail.com'),
(653, 'a653', '2010-11-05 00:00:00.000000', 'seankwok794@gmail.com'),
(654, 'a654', '2010-11-05 00:00:00.000000', 'seankwok794@gmail.com'),
(655, 'a655', '2010-11-05 00:00:00.000000', 'seankwok794@gmail.com'),
(656, 'a656', '2010-11-05 00:00:00.000000', 'seankwok794@gmail.com'),
(657, 'a657', '2010-11-05 00:00:00.000000', 'seankwok794@gmail.com'),
(658, 'a658', '2010-11-05 00:00:00.000000', 'seankwok794@gmail.com'),
(659, 'a659', '2010-11-05 00:00:00.000000', 'seankwok794@gmail.com'),
(660, 'a660', '2010-11-05 00:00:00.000000', 'seankwok794@gmail.com'),
(661, 'a661', '2010-11-05 00:00:00.000000', 'seankwok794@gmail.com'),
(662, 'a662', '2010-11-05 00:00:00.000000', 'seankwok794@gmail.com'),
(663, 'a663', '2010-11-05 00:00:00.000000', 'seankwok794@gmail.com'),
(664, 'a664', '2010-11-05 00:00:00.000000', 'seankwok794@gmail.com'),
(665, 'a665', '2010-11-05 00:00:00.000000', 'seankwok794@gmail.com'),
(666, 'a666', '2010-11-05 00:00:00.000000', 'seankwok794@gmail.com'),
(667, 'a667', '2010-11-05 00:00:00.000000', 'seankwok794@gmail.com'),
(668, 'a668', '2010-11-05 00:00:00.000000', 'seankwok794@gmail.com'),
(669, 'a669', '2010-11-05 00:00:00.000000', 'seankwok794@gmail.com'),
(670, 'a670', '2010-11-05 00:00:00.000000', 'seankwok794@gmail.com'),
(671, 'a671', '2010-11-05 00:00:00.000000', 'seankwok794@gmail.com'),
(672, 'a672', '2010-11-05 00:00:00.000000', 'seankwok794@gmail.com'),
(673, 'a673', '2010-11-05 00:00:00.000000', 'seankwok794@gmail.com'),
(674, 'a674', '2010-11-05 00:00:00.000000', 'seankwok794@gmail.com'),
(675, 'a675', '2010-11-05 00:00:00.000000', 'seankwok794@gmail.com'),
(676, 'a676', '2010-11-05 00:00:00.000000', 'seankwok794@gmail.com'),
(677, 'a677', '2010-11-05 00:00:00.000000', 'seankwok794@gmail.com'),
(678, 'a678', '2010-11-05 00:00:00.000000', 'seankwok794@gmail.com'),
(679, 'a679', '2010-11-05 00:00:00.000000', 'seankwok794@gmail.com'),
(680, 'a680', '2010-11-05 00:00:00.000000', 'seankwok794@gmail.com'),
(681, 'a681', '2010-11-05 00:00:00.000000', 'seankwok794@gmail.com'),
(682, 'a682', '2010-11-05 00:00:00.000000', 'seankwok794@gmail.com'),
(683, 'a683', '2010-11-05 00:00:00.000000', 'seankwok794@gmail.com'),
(684, 'a684', '2010-11-05 00:00:00.000000', 'seankwok794@gmail.com'),
(685, 'a685', '2010-11-05 00:00:00.000000', 'seankwok794@gmail.com'),
(686, 'a686', '2010-11-05 00:00:00.000000', 'seankwok794@gmail.com'),
(687, 'a687', '2010-11-05 00:00:00.000000', 'seankwok794@gmail.com'),
(688, 'a688', '2010-11-05 00:00:00.000000', 'seankwok794@gmail.com'),
(689, 'a689', '2010-11-05 00:00:00.000000', 'seankwok794@gmail.com'),
(690, 'a690', '2010-11-05 00:00:00.000000', 'seankwok794@gmail.com'),
(691, 'a691', '2010-11-05 00:00:00.000000', 'seankwok794@gmail.com'),
(692, 'a692', '2010-11-05 00:00:00.000000', 'seankwok794@gmail.com'),
(693, 'a693', '2010-11-05 00:00:00.000000', 'seankwok794@gmail.com'),
(694, 'a694', '2010-11-05 00:00:00.000000', 'seankwok794@gmail.com'),
(695, 'a695', '2010-11-05 00:00:00.000000', 'seankwok794@gmail.com'),
(696, 'a696', '2010-11-05 00:00:00.000000', 'seankwok794@gmail.com'),
(697, 'a697', '2010-11-05 00:00:00.000000', 'seankwok794@gmail.com'),
(698, 'a698', '2010-11-05 00:00:00.000000', 'seankwok794@gmail.com'),
(699, 'a699', '2010-11-05 00:00:00.000000', 'seankwok794@gmail.com'),
(700, 'a700', '2010-11-05 00:00:00.000000', 'seankwok794@gmail.com'),
(701, 'a701', '2010-11-05 00:00:00.000000', 'seankwok794@gmail.com'),
(702, 'a702', '2010-11-05 00:00:00.000000', 'seankwok794@gmail.com'),
(703, 'a703', '2010-11-05 00:00:00.000000', 'seankwok794@gmail.com'),
(704, 'a704', '2010-11-05 00:00:00.000000', 'seankwok794@gmail.com'),
(705, 'a705', '2010-11-05 00:00:00.000000', 'seankwok794@gmail.com'),
(706, 'a706', '2010-11-05 00:00:00.000000', 'seankwok794@gmail.com'),
(707, 'a707', '2010-11-05 00:00:00.000000', 'seankwok794@gmail.com'),
(708, 'a708', '2010-11-05 00:00:00.000000', 'seankwok794@gmail.com'),
(709, 'a709', '2010-11-05 00:00:00.000000', 'seankwok794@gmail.com'),
(710, 'a710', '2010-11-05 00:00:00.000000', 'seankwok794@gmail.com'),
(711, 'a711', '2010-11-05 00:00:00.000000', 'seankwok794@gmail.com'),
(712, 'a712', '2010-11-05 00:00:00.000000', 'seankwok794@gmail.com'),
(713, 'a713', '2010-11-05 00:00:00.000000', 'seankwok794@gmail.com'),
(714, 'a714', '2010-11-05 00:00:00.000000', 'seankwok794@gmail.com'),
(715, 'a715', '2010-11-05 00:00:00.000000', 'seankwok794@gmail.com'),
(716, 'a716', '2010-11-05 00:00:00.000000', 'seankwok794@gmail.com'),
(717, 'a717', '2010-11-05 00:00:00.000000', 'seankwok794@gmail.com'),
(718, 'a718', '2010-11-05 00:00:00.000000', 'seankwok794@gmail.com'),
(719, 'a719', '2010-11-05 00:00:00.000000', 'seankwok794@gmail.com'),
(720, 'a720', '2010-11-05 00:00:00.000000', 'seankwok794@gmail.com'),
(721, 'a721', '2010-11-05 00:00:00.000000', 'seankwok794@gmail.com'),
(722, 'a722', '2010-11-05 00:00:00.000000', 'seankwok794@gmail.com'),
(723, 'a723', '2010-11-05 00:00:00.000000', 'seankwok794@gmail.com'),
(724, 'a724', '2010-11-05 00:00:00.000000', 'seankwok794@gmail.com'),
(725, 'a725', '2010-11-05 00:00:00.000000', 'seankwok794@gmail.com'),
(726, 'a726', '2010-11-05 00:00:00.000000', 'seankwok794@gmail.com'),
(727, 'a727', '2010-11-05 00:00:00.000000', 'seankwok794@gmail.com'),
(728, 'a728', '2010-11-05 00:00:00.000000', 'seankwok794@gmail.com'),
(729, 'a729', '2010-11-05 00:00:00.000000', 'seankwok794@gmail.com'),
(730, 'a730', '2010-11-05 00:00:00.000000', 'seankwok794@gmail.com'),
(731, 'a731', '2010-11-05 00:00:00.000000', 'seankwok794@gmail.com'),
(732, 'a732', '2010-11-05 00:00:00.000000', 'seankwok794@gmail.com'),
(733, 'a733', '2010-11-05 00:00:00.000000', 'seankwok794@gmail.com'),
(734, 'a734', '2010-11-05 00:00:00.000000', 'seankwok794@gmail.com'),
(735, 'a735', '2010-11-05 00:00:00.000000', 'seankwok794@gmail.com'),
(736, 'a736', '2010-11-05 00:00:00.000000', 'seankwok794@gmail.com'),
(737, 'a737', '2010-11-05 00:00:00.000000', 'seankwok794@gmail.com'),
(738, 'a738', '2010-11-05 00:00:00.000000', 'seankwok794@gmail.com'),
(739, 'a739', '2010-11-05 00:00:00.000000', 'seankwok794@gmail.com'),
(740, 'a740', '2010-11-05 00:00:00.000000', 'seankwok794@gmail.com'),
(741, 'a741', '2010-11-05 00:00:00.000000', 'seankwok794@gmail.com'),
(742, 'a742', '2010-11-05 00:00:00.000000', 'seankwok794@gmail.com'),
(743, 'a743', '2010-11-05 00:00:00.000000', 'seankwok794@gmail.com'),
(744, 'a744', '2010-11-05 00:00:00.000000', 'seankwok794@gmail.com'),
(745, 'a745', '2010-11-05 00:00:00.000000', 'seankwok794@gmail.com'),
(746, 'a746', '2010-11-05 00:00:00.000000', 'seankwok794@gmail.com'),
(747, 'a747', '2010-11-05 00:00:00.000000', 'seankwok794@gmail.com'),
(748, 'a748', '2010-11-05 00:00:00.000000', 'seankwok794@gmail.com'),
(749, 'a749', '2010-11-05 00:00:00.000000', 'seankwok794@gmail.com'),
(750, 'a750', '2010-11-05 00:00:00.000000', 'seankwok794@gmail.com'),
(751, 'a751', '2010-11-05 00:00:00.000000', 'seankwok794@gmail.com'),
(752, 'a752', '2010-11-05 00:00:00.000000', 'seankwok794@gmail.com'),
(753, 'a753', '2010-11-05 00:00:00.000000', 'seankwok794@gmail.com'),
(754, 'a754', '2010-11-05 00:00:00.000000', 'seankwok794@gmail.com'),
(755, 'a755', '2010-11-05 00:00:00.000000', 'seankwok794@gmail.com'),
(756, 'a756', '2010-11-05 00:00:00.000000', 'seankwok794@gmail.com'),
(757, 'a757', '2010-11-05 00:00:00.000000', 'seankwok794@gmail.com'),
(758, 'a758', '2010-11-05 00:00:00.000000', 'seankwok794@gmail.com'),
(759, 'a759', '2010-11-05 00:00:00.000000', 'seankwok794@gmail.com'),
(760, 'a760', '2010-11-05 00:00:00.000000', 'seankwok794@gmail.com'),
(761, 'a761', '2010-11-05 00:00:00.000000', 'seankwok794@gmail.com'),
(762, 'a762', '2010-11-05 00:00:00.000000', 'seankwok794@gmail.com'),
(763, 'a763', '2010-11-05 00:00:00.000000', 'seankwok794@gmail.com'),
(764, 'a764', '2010-11-05 00:00:00.000000', 'seankwok794@gmail.com');
INSERT INTO `appointment` (`appointmentID`, `passportNumber`, `appointmentDate`, `email`) VALUES
(765, 'a765', '2010-11-05 00:00:00.000000', 'seankwok794@gmail.com'),
(766, 'a766', '2010-11-05 00:00:00.000000', 'seankwok794@gmail.com'),
(767, 'a767', '2010-11-05 00:00:00.000000', 'seankwok794@gmail.com'),
(768, 'a768', '2010-11-05 00:00:00.000000', 'seankwok794@gmail.com'),
(769, 'a769', '2010-11-05 00:00:00.000000', 'seankwok794@gmail.com'),
(770, 'a770', '2010-11-05 00:00:00.000000', 'seankwok794@gmail.com'),
(771, 'a771', '2010-11-05 00:00:00.000000', 'seankwok794@gmail.com'),
(772, 'a772', '2010-11-05 00:00:00.000000', 'seankwok794@gmail.com'),
(773, 'a773', '2010-11-05 00:00:00.000000', 'seankwok794@gmail.com'),
(774, 'a774', '2010-11-05 00:00:00.000000', 'seankwok794@gmail.com'),
(775, 'a775', '2010-11-05 00:00:00.000000', 'seankwok794@gmail.com'),
(776, 'a776', '2010-11-05 00:00:00.000000', 'seankwok794@gmail.com'),
(777, 'a777', '2010-11-05 00:00:00.000000', 'seankwok794@gmail.com'),
(778, 'a778', '2010-11-05 00:00:00.000000', 'seankwok794@gmail.com'),
(779, 'a779', '2010-11-05 00:00:00.000000', 'seankwok794@gmail.com'),
(780, 'a780', '2010-11-05 00:00:00.000000', 'seankwok794@gmail.com'),
(781, 'a781', '2010-11-05 00:00:00.000000', 'seankwok794@gmail.com'),
(782, 'a782', '2010-11-05 00:00:00.000000', 'seankwok794@gmail.com'),
(783, 'a783', '2010-11-05 00:00:00.000000', 'seankwok794@gmail.com'),
(784, 'a784', '2010-11-05 00:00:00.000000', 'seankwok794@gmail.com'),
(785, 'a785', '2010-11-05 00:00:00.000000', 'seankwok794@gmail.com'),
(786, 'a786', '2010-11-05 00:00:00.000000', 'seankwok794@gmail.com'),
(787, 'a787', '2010-11-05 00:00:00.000000', 'seankwok794@gmail.com'),
(788, 'a788', '2010-11-05 00:00:00.000000', 'seankwok794@gmail.com'),
(789, 'a789', '2010-11-05 00:00:00.000000', 'seankwok794@gmail.com'),
(790, 'a790', '2010-11-05 00:00:00.000000', 'seankwok794@gmail.com'),
(791, 'a791', '2010-11-05 00:00:00.000000', 'seankwok794@gmail.com'),
(792, 'a792', '2010-11-05 00:00:00.000000', 'seankwok794@gmail.com'),
(793, 'a793', '2010-11-05 00:00:00.000000', 'seankwok794@gmail.com'),
(794, 'a794', '2013-11-04 00:00:00.000000', 'seankwok794@gmail.com'),
(795, 'a795', '2013-11-04 00:00:00.000000', 'seankwok794@gmail.com'),
(796, 'a796', '2013-11-04 00:00:00.000000', 'seankwok794@gmail.com'),
(797, 'a797', '2013-11-04 00:00:00.000000', 'seankwok794@gmail.com'),
(798, 'a798', '2013-11-04 00:00:00.000000', 'seankwok794@gmail.com'),
(799, 'a799', '2013-11-04 00:00:00.000000', 'seankwok794@gmail.com'),
(800, 'a800', '2013-11-04 00:00:00.000000', 'seankwok794@gmail.com'),
(801, 'a801', '2013-11-04 00:00:00.000000', 'seankwok794@gmail.com'),
(802, 'a802', '2013-11-04 00:00:00.000000', 'seankwok794@gmail.com'),
(803, 'a803', '2013-11-04 00:00:00.000000', 'seankwok794@gmail.com'),
(804, 'a804', '2013-11-04 00:00:00.000000', 'seankwok794@gmail.com'),
(805, 'a805', '2013-11-04 00:00:00.000000', 'seankwok794@gmail.com'),
(806, 'a806', '2013-11-04 00:00:00.000000', 'seankwok794@gmail.com'),
(807, 'a807', '2013-11-04 00:00:00.000000', 'seankwok794@gmail.com'),
(808, 'a808', '2013-11-04 00:00:00.000000', 'seankwok794@gmail.com'),
(809, 'a809', '2013-11-04 00:00:00.000000', 'seankwok794@gmail.com'),
(810, 'a810', '2013-11-04 00:00:00.000000', 'seankwok794@gmail.com'),
(811, 'a811', '2013-11-04 00:00:00.000000', 'seankwok794@gmail.com'),
(1007, 'a1007', '2016-11-03 00:00:00.000000', 'sean@gmail.com'),
(1008, 'a1008', '2016-11-03 00:00:00.000000', 'sean@gmail.com'),
(1009, 'a1009', '2016-11-03 00:00:00.000000', 'sean@gmail.com'),
(1010, 'a1010', '2016-11-03 00:00:00.000000', 'sean@gmail.com'),
(1011, 'a1011', '2016-11-03 00:00:00.000000', 'sean@gmail.com'),
(1012, 'a1012', '2016-11-03 00:00:00.000000', 'sean@gmail.com'),
(1013, 'a1013', '2016-11-03 00:00:00.000000', 'sean@gmail.com'),
(1014, 'a1014', '2016-11-03 00:00:00.000000', 'sean@gmail.com'),
(1015, 'a1015', '2016-11-03 00:00:00.000000', 'sean@gmail.com'),
(1016, 'a1016', '2016-11-03 00:00:00.000000', 'sean@gmail.com'),
(1017, 'a1017', '2016-11-03 00:00:00.000000', 'sean@gmail.com'),
(1018, 'a1018', '2016-11-03 00:00:00.000000', 'sean@gmail.com'),
(1019, 'a1019', '2016-11-03 00:00:00.000000', 'sean@gmail.com'),
(1020, 'a1020', '2016-11-03 00:00:00.000000', 'sean@gmail.com'),
(1021, 'a1021', '2016-11-03 00:00:00.000000', 'sean@gmail.com'),
(1022, 'a1022', '2016-11-03 00:00:00.000000', 'sean@gmail.com'),
(1023, 'a1023', '2016-11-03 00:00:00.000000', 'sean@gmail.com'),
(1024, 'a1024', '2016-11-03 00:00:00.000000', 'sean@gmail.com'),
(1025, 'a1025', '2016-11-03 00:00:00.000000', 'sean@gmail.com'),
(1026, 'a1026', '2016-10-24 00:00:00.000000', 'sean@gmail.com'),
(1027, 'a1027', '2016-10-24 00:00:00.000000', 'sean@gmail.com'),
(1028, 'a1028', '2016-10-24 00:00:00.000000', 'sean@gmail.com'),
(1029, 'a1029', '2016-10-24 00:00:00.000000', 'sean@gmail.com'),
(1030, 'a1030', '2016-10-24 00:00:00.000000', 'sean@gmail.com'),
(1031, 'a1031', '2016-10-24 00:00:00.000000', 'sean@gmail.com'),
(1032, 'a1032', '2016-10-24 00:00:00.000000', 'sean@gmail.com'),
(1033, 'a1033', '2016-10-24 00:00:00.000000', 'sean@gmail.com'),
(1034, 'a1034', '2016-10-24 00:00:00.000000', 'sean@gmail.com'),
(1035, 'a1035', '2016-10-24 00:00:00.000000', 'sean@gmail.com'),
(1036, 'a1036', '2016-10-24 00:00:00.000000', 'sean@gmail.com'),
(1037, 'a1037', '2016-10-24 00:00:00.000000', 'sean@gmail.com'),
(1038, 'a1038', '2015-11-04 00:00:00.000000', 'sean@gmail.com'),
(1039, 'a1039', '2015-11-04 00:00:00.000000', 'sean@gmail.com'),
(1040, 'a1040', '2015-11-04 00:00:00.000000', 'sean@gmail.com'),
(1041, 'a1041', '2015-11-04 00:00:00.000000', 'sean@gmail.com'),
(1042, 'a1042', '2015-11-04 00:00:00.000000', 'sean@gmail.com'),
(1043, 'a1043', '2015-11-04 00:00:00.000000', 'sean@gmail.com'),
(1044, 'a1044', '2015-11-04 00:00:00.000000', 'sean@gmail.com'),
(1045, 'a1045', '2015-11-04 00:00:00.000000', 'sean@gmail.com'),
(1046, 'a1046', '2015-11-04 00:00:00.000000', 'sean@gmail.com'),
(1047, 'a1047', '2014-11-04 00:00:00.000000', 'sean@gmail.com'),
(1048, 'a1048', '2014-11-04 00:00:00.000000', 'sean@gmail.com'),
(1049, 'a1049', '2014-11-04 00:00:00.000000', 'sean@gmail.com'),
(1050, 'a1050', '2014-11-04 00:00:00.000000', 'sean@gmail.com'),
(1051, 'a1051', '2014-11-04 00:00:00.000000', 'sean@gmail.com'),
(1052, 'a1052', '2014-11-04 00:00:00.000000', 'sean@gmail.com'),
(1053, 'a1053', '2014-11-04 00:00:00.000000', 'sean@gmail.com'),
(1054, 'a1054', '2014-11-04 00:00:00.000000', 'sean@gmail.com'),
(1055, 'a1055', '2014-11-04 00:00:00.000000', 'sean@gmail.com'),
(1056, 'a1056', '2014-11-04 00:00:00.000000', 'sean@gmail.com'),
(1057, 'a1057', '2014-11-04 00:00:00.000000', 'sean@gmail.com'),
(1058, 'a1058', '2014-11-04 00:00:00.000000', 'sean@gmail.com'),
(1059, 'a1059', '2014-11-04 00:00:00.000000', 'sean@gmail.com'),
(1060, 'a1060', '2014-11-04 00:00:00.000000', 'sean@gmail.com'),
(1061, 'a1061', '2014-11-04 00:00:00.000000', 'sean@gmail.com'),
(1062, 'a1062', '2014-11-04 00:00:00.000000', 'sean@gmail.com'),
(1063, 'a1063', '2014-11-04 00:00:00.000000', 'sean@gmail.com'),
(1064, 'a1064', '2014-11-04 00:00:00.000000', 'sean@gmail.com'),
(1065, 'a1065', '2014-11-04 00:00:00.000000', 'sean@gmail.com'),
(1066, 'a1066', '2014-11-04 00:00:00.000000', 'sean@gmail.com'),
(1067, 'a1067', '2014-11-04 00:00:00.000000', 'sean@gmail.com'),
(1068, 'a1068', '2014-11-04 00:00:00.000000', 'sean@gmail.com'),
(1069, 'a1069', '2014-11-04 00:00:00.000000', 'sean@gmail.com'),
(1070, 'a1070', '2014-11-04 00:00:00.000000', 'sean@gmail.com'),
(1071, 'a1071', '2014-11-04 00:00:00.000000', 'sean@gmail.com'),
(1072, 'a1072', '2014-11-04 00:00:00.000000', 'sean@gmail.com'),
(1073, 'a1073', '2014-11-04 00:00:00.000000', 'sean@gmail.com'),
(1074, 'a1074', '2014-11-04 00:00:00.000000', 'sean@gmail.com'),
(1075, 'a1075', '2014-11-04 00:00:00.000000', 'sean@gmail.com'),
(1076, 'a1076', '2014-11-04 00:00:00.000000', 'sean@gmail.com'),
(1077, 'a1077', '2014-11-04 00:00:00.000000', 'sean@gmail.com'),
(1078, 'a1078', '2014-11-04 00:00:00.000000', 'sean@gmail.com'),
(1079, 'a1079', '2014-11-04 00:00:00.000000', 'sean@gmail.com'),
(1080, 'a1080', '2014-11-04 00:00:00.000000', 'sean@gmail.com'),
(1081, 'a1081', '2014-11-04 00:00:00.000000', 'sean@gmail.com'),
(1082, 'a1082', '2014-11-04 00:00:00.000000', 'sean@gmail.com'),
(1083, 'a1083', '2014-11-04 00:00:00.000000', 'sean@gmail.com'),
(1084, 'a1084', '2014-11-04 00:00:00.000000', 'sean@gmail.com'),
(1085, 'a1085', '2014-11-04 00:00:00.000000', 'sean@gmail.com'),
(1086, 'a1086', '2014-11-04 00:00:00.000000', 'sean@gmail.com'),
(1087, 'a1087', '2014-11-04 00:00:00.000000', 'sean@gmail.com'),
(1088, 'a1088', '2014-11-04 00:00:00.000000', 'sean@gmail.com'),
(1089, 'a1089', '2014-11-04 00:00:00.000000', 'sean@gmail.com'),
(1090, 'a1090', '2014-11-04 00:00:00.000000', 'sean@gmail.com'),
(1091, 'a1091', '2014-11-04 00:00:00.000000', 'sean@gmail.com'),
(1092, 'a1092', '2014-11-04 00:00:00.000000', 'sean@gmail.com'),
(1093, 'a1093', '2014-11-04 00:00:00.000000', 'sean@gmail.com'),
(1094, 'a1094', '2014-11-04 00:00:00.000000', 'sean@gmail.com'),
(1095, 'a1095', '2014-11-04 00:00:00.000000', 'sean@gmail.com'),
(1096, 'a1096', '2014-11-04 00:00:00.000000', 'sean@gmail.com'),
(1097, 'a1097', '2014-11-04 00:00:00.000000', 'sean@gmail.com'),
(1098, 'a1098', '2014-11-04 00:00:00.000000', 'sean@gmail.com'),
(1099, 'a1099', '2014-11-04 00:00:00.000000', 'sean@gmail.com'),
(1100, 'a1100', '2014-11-04 00:00:00.000000', 'sean@gmail.com'),
(1101, 'a1101', '2013-11-04 00:00:00.000000', 'sean@gmail.com'),
(1102, 'a1102', '2013-11-04 00:00:00.000000', 'sean@gmail.com'),
(1103, 'a1103', '2013-11-04 00:00:00.000000', 'sean@gmail.com'),
(1104, 'a1104', '2013-11-04 00:00:00.000000', 'sean@gmail.com'),
(1105, 'a1105', '2013-11-04 00:00:00.000000', 'sean@gmail.com'),
(1106, 'a1106', '2013-11-04 00:00:00.000000', 'sean@gmail.com'),
(1107, 'a1107', '2013-11-04 00:00:00.000000', 'sean@gmail.com'),
(1108, 'a1108', '2013-11-04 00:00:00.000000', 'sean@gmail.com'),
(1109, 'a1109', '2013-11-04 00:00:00.000000', 'sean@gmail.com'),
(1110, 'a1110', '2013-11-04 00:00:00.000000', 'sean@gmail.com'),
(1111, 'a1111', '2013-11-04 00:00:00.000000', 'sean@gmail.com'),
(1112, 'a1112', '2013-11-04 00:00:00.000000', 'sean@gmail.com'),
(1113, 'a1113', '2013-11-04 00:00:00.000000', 'sean@gmail.com'),
(1114, 'a1114', '2013-11-04 00:00:00.000000', 'sean@gmail.com'),
(1115, 'a1115', '2013-11-04 00:00:00.000000', 'sean@gmail.com'),
(1116, 'a1116', '2013-11-04 00:00:00.000000', 'sean@gmail.com'),
(1117, 'a1117', '2013-11-04 00:00:00.000000', 'sean@gmail.com'),
(1118, 'a1118', '2013-11-04 00:00:00.000000', 'sean@gmail.com'),
(1119, 'a1119', '2013-11-04 00:00:00.000000', 'sean@gmail.com'),
(1120, 'a1120', '2013-11-04 00:00:00.000000', 'sean@gmail.com'),
(1121, 'a1121', '2013-11-04 00:00:00.000000', 'sean@gmail.com'),
(1122, 'a1122', '2013-11-04 00:00:00.000000', 'sean@gmail.com'),
(1123, 'a1123', '2013-11-04 00:00:00.000000', 'sean@gmail.com'),
(1124, 'a1124', '2013-11-04 00:00:00.000000', 'sean@gmail.com'),
(1125, 'a1125', '2013-11-04 00:00:00.000000', 'sean@gmail.com'),
(1126, 'a1126', '2013-11-04 00:00:00.000000', 'sean@gmail.com'),
(1127, 'a1127', '2013-11-04 00:00:00.000000', 'sean@gmail.com'),
(1128, 'a1128', '2013-11-04 00:00:00.000000', 'sean@gmail.com'),
(1129, 'a1129', '2013-11-04 00:00:00.000000', 'sean@gmail.com'),
(1130, 'a1130', '2013-11-04 00:00:00.000000', 'sean@gmail.com'),
(1131, 'a1131', '2013-11-04 00:00:00.000000', 'sean@gmail.com'),
(1132, 'a1132', '2013-11-04 00:00:00.000000', 'sean@gmail.com'),
(1133, 'a1133', '2013-11-04 00:00:00.000000', 'sean@gmail.com'),
(1134, 'a1134', '2013-11-04 00:00:00.000000', 'sean@gmail.com'),
(1135, 'a1135', '2013-11-04 00:00:00.000000', 'sean@gmail.com'),
(1136, 'a1136', '2013-11-04 00:00:00.000000', 'sean@gmail.com'),
(1137, 'a1137', '2013-11-04 00:00:00.000000', 'sean@gmail.com'),
(1138, 'a1138', '2013-11-04 00:00:00.000000', 'sean@gmail.com'),
(1139, 'a1139', '2013-11-04 00:00:00.000000', 'sean@gmail.com'),
(1140, 'a1140', '2013-11-04 00:00:00.000000', 'sean@gmail.com'),
(1141, 'a1141', '2013-11-04 00:00:00.000000', 'sean@gmail.com'),
(1142, 'a1142', '2013-11-04 00:00:00.000000', 'sean@gmail.com'),
(1143, 'a1143', '2013-11-04 00:00:00.000000', 'sean@gmail.com'),
(1144, 'a1144', '2013-11-04 00:00:00.000000', 'sean@gmail.com'),
(1145, 'a1145', '2013-11-04 00:00:00.000000', 'sean@gmail.com'),
(1146, 'a1146', '2013-11-04 00:00:00.000000', 'sean@gmail.com'),
(1147, 'a1147', '2013-11-04 00:00:00.000000', 'sean@gmail.com'),
(1148, 'a1148', '2013-11-04 00:00:00.000000', 'sean@gmail.com'),
(1149, 'a1149', '2013-11-04 00:00:00.000000', 'sean@gmail.com'),
(1150, 'a1150', '2013-11-04 00:00:00.000000', 'sean@gmail.com'),
(1151, 'a1151', '2013-11-04 00:00:00.000000', 'sean@gmail.com'),
(1152, 'a1152', '2013-11-04 00:00:00.000000', 'sean@gmail.com'),
(1153, 'a1153', '2013-11-04 00:00:00.000000', 'sean@gmail.com'),
(1154, 'a1154', '2013-11-04 00:00:00.000000', 'sean@gmail.com'),
(1155, 'a1155', '2013-11-04 00:00:00.000000', 'sean@gmail.com'),
(1156, 'a1156', '2013-11-04 00:00:00.000000', 'sean@gmail.com'),
(1157, 'a1157', '2013-11-04 00:00:00.000000', 'sean@gmail.com'),
(1158, 'a1158', '2013-11-04 00:00:00.000000', 'sean@gmail.com'),
(1159, 'a1159', '2013-11-04 00:00:00.000000', 'sean@gmail.com'),
(1160, 'a1160', '2013-11-04 00:00:00.000000', 'sean@gmail.com'),
(1161, 'a1161', '2013-11-04 00:00:00.000000', 'sean@gmail.com'),
(1162, 'a1162', '2013-11-04 00:00:00.000000', 'sean@gmail.com'),
(1163, 'a1163', '2013-11-04 00:00:00.000000', 'sean@gmail.com'),
(1164, 'a1164', '2013-11-04 00:00:00.000000', 'sean@gmail.com'),
(1165, 'a1165', '2013-11-04 00:00:00.000000', 'sean@gmail.com'),
(1166, 'a1166', '2013-11-04 00:00:00.000000', 'sean@gmail.com'),
(1167, 'a1167', '2013-11-04 00:00:00.000000', 'sean@gmail.com'),
(1168, 'a1168', '2013-11-04 00:00:00.000000', 'sean@gmail.com'),
(1169, 'a1169', '2013-11-04 00:00:00.000000', 'sean@gmail.com'),
(1170, 'a1170', '2013-11-04 00:00:00.000000', 'sean@gmail.com'),
(1171, 'a1171', '2013-11-04 00:00:00.000000', 'sean@gmail.com'),
(1172, 'a1172', '2013-11-04 00:00:00.000000', 'sean@gmail.com'),
(1173, 'a1173', '2013-11-04 00:00:00.000000', 'sean@gmail.com'),
(1174, 'a1174', '2013-11-04 00:00:00.000000', 'sean@gmail.com'),
(1175, 'a1175', '2013-11-04 00:00:00.000000', 'sean@gmail.com'),
(1176, 'a1176', '2013-11-04 00:00:00.000000', 'sean@gmail.com'),
(1177, 'a1177', '2013-11-04 00:00:00.000000', 'sean@gmail.com'),
(1178, 'a1178', '2013-11-04 00:00:00.000000', 'sean@gmail.com'),
(1179, 'a1179', '2013-11-04 00:00:00.000000', 'sean@gmail.com'),
(1180, 'a1180', '2013-11-04 00:00:00.000000', 'sean@gmail.com'),
(1181, 'a1181', '2013-11-04 00:00:00.000000', 'sean@gmail.com'),
(1182, 'a1182', '2013-11-04 00:00:00.000000', 'sean@gmail.com'),
(1183, 'a1183', '2013-11-04 00:00:00.000000', 'sean@gmail.com'),
(1184, 'a1184', '2013-11-04 00:00:00.000000', 'sean@gmail.com'),
(1185, 'a1185', '2013-11-04 00:00:00.000000', 'sean@gmail.com'),
(1186, 'a1186', '2013-11-04 00:00:00.000000', 'sean@gmail.com'),
(1187, 'a1187', '2013-11-04 00:00:00.000000', 'sean@gmail.com'),
(1188, 'a1188', '2013-11-04 00:00:00.000000', 'sean@gmail.com'),
(1189, 'a1189', '2013-11-04 00:00:00.000000', 'sean@gmail.com'),
(1190, 'a1190', '2013-11-04 00:00:00.000000', 'sean@gmail.com'),
(1191, 'a1191', '2013-11-04 00:00:00.000000', 'sean@gmail.com'),
(1192, 'a1192', '2013-11-04 00:00:00.000000', 'sean@gmail.com'),
(1193, 'a1193', '2013-11-04 00:00:00.000000', 'sean@gmail.com'),
(1194, 'a1194', '2013-11-04 00:00:00.000000', 'sean@gmail.com'),
(1195, 'a1195', '2013-11-04 00:00:00.000000', 'sean@gmail.com'),
(1196, 'a1196', '2013-11-04 00:00:00.000000', 'sean@gmail.com'),
(1197, 'a1197', '2013-11-04 00:00:00.000000', 'sean@gmail.com'),
(1198, 'a1198', '2013-11-04 00:00:00.000000', 'sean@gmail.com'),
(1199, 'a1199', '2013-11-04 00:00:00.000000', 'sean@gmail.com'),
(1200, 'a1200', '2013-11-04 00:00:00.000000', 'sean@gmail.com'),
(1201, 'a1201', '2013-11-04 00:00:00.000000', 'sean@gmail.com'),
(1202, 'a1202', '2013-11-04 00:00:00.000000', 'sean@gmail.com'),
(1203, 'a1203', '2013-11-04 00:00:00.000000', 'sean@gmail.com'),
(1204, 'a1204', '2013-11-04 00:00:00.000000', 'sean@gmail.com'),
(1205, 'a1205', '2013-11-04 00:00:00.000000', 'sean@gmail.com'),
(1206, 'a1206', '2013-11-04 00:00:00.000000', 'sean@gmail.com'),
(1207, 'a1207', '2013-11-04 00:00:00.000000', 'sean@gmail.com'),
(1208, 'a1208', '2013-11-04 00:00:00.000000', 'sean@gmail.com'),
(1209, 'a1209', '2013-11-04 00:00:00.000000', 'sean@gmail.com'),
(1210, 'a1210', '2013-11-04 00:00:00.000000', 'sean@gmail.com'),
(1211, 'a1211', '2013-11-04 00:00:00.000000', 'sean@gmail.com'),
(1212, 'a1212', '2013-11-04 00:00:00.000000', 'sean@gmail.com'),
(1213, 'a1213', '2013-11-04 00:00:00.000000', 'sean@gmail.com'),
(1214, 'a1214', '2013-11-04 00:00:00.000000', 'sean@gmail.com'),
(1215, 'a1215', '2013-11-04 00:00:00.000000', 'sean@gmail.com'),
(1216, 'a1216', '2013-11-04 00:00:00.000000', 'sean@gmail.com'),
(1217, 'a1217', '2013-11-04 00:00:00.000000', 'sean@gmail.com'),
(1218, 'a1218', '2013-11-04 00:00:00.000000', 'sean@gmail.com'),
(1219, 'a1219', '2013-11-04 00:00:00.000000', 'sean@gmail.com'),
(1220, 'a1220', '2013-11-04 00:00:00.000000', 'sean@gmail.com'),
(1221, 'a1221', '2013-11-04 00:00:00.000000', 'sean@gmail.com'),
(1222, 'a1222', '2013-11-04 00:00:00.000000', 'sean@gmail.com'),
(1223, 'a1223', '2013-11-04 00:00:00.000000', 'sean@gmail.com');

-- --------------------------------------------------------

--
-- Table structure for table `client`
--

CREATE TABLE `client` (
  `passportNumber` varchar(45) NOT NULL,
  `clientName` varchar(45) DEFAULT NULL,
  `gender` varchar(45) DEFAULT NULL,
  `dateOfBirth` datetime(6) DEFAULT NULL,
  `mainDiagnosis` varchar(45) DEFAULT NULL,
  `clientType` varchar(45) DEFAULT NULL,
  `nationality` varchar(45) DEFAULT NULL,
  `countryOfResidence` varchar(45) DEFAULT NULL,
  `billingStreet` varchar(45) DEFAULT NULL,
  `billingCity` varchar(45) DEFAULT NULL,
  `billingState` varchar(45) DEFAULT NULL,
  `billingCountry` varchar(45) DEFAULT NULL,
  `billingCode` varchar(45) DEFAULT NULL,
  `isMedical` varchar(45) DEFAULT NULL,
  `isClaim` varchar(45) DEFAULT NULL,
  `claimInformation` varchar(45) DEFAULT NULL,
  `referral_ID` int(5) DEFAULT NULL
) ENGINE=InnoDB DEFAULT CHARSET=latin1;

--
-- Dumping data for table `client`
--

INSERT INTO `client` (`passportNumber`, `clientName`, `gender`, `dateOfBirth`, `mainDiagnosis`, `clientType`, `nationality`, `countryOfResidence`, `billingStreet`, `billingCity`, `billingState`, `billingCountry`, `billingCode`, `isMedical`, `isClaim`, `claimInformation`, `referral_ID`) VALUES
('', 'test', 'Female', '2013-02-05 00:00:00.000000', 'undefined', 'undefined', '', '', '', '[object Object]', '', 'undefined', '', 'undefined', NULL, 'undefined', 3),
('a1', 'Merry Kusumawati Utomo', 'Female', '1954-08-25 00:00:00.000000', 'null', 'null ', 'Indonesian', 'null ', 'null ', 'null ', 'null ', 'null ', 'null ', 'null ', 'Yes', 'null ', 1),
('a10', 'Briana Jones', 'Female', '1954-08-26 00:00:00.000000', 'null ', 'null ', 'American', 'null ', 'null ', 'null ', 'null ', 'null ', 'null ', 'null ', 'Yes', 'null ', 10),
('a100', 'Peter Joseph Curt Browne', 'Male', '1954-08-27 00:00:00.000000', 'null ', 'null ', 'New Zealand', 'null ', 'null ', 'null ', 'null ', 'null ', 'null ', 'null ', 'null', 'null ', 100),
('a1000', 'Danilo Visto Caintoy', 'Male', '1954-08-28 00:00:00.000000', 'null ', 'null ', 'Filipino', 'null ', 'null ', 'null ', 'null ', 'null ', 'null ', 'null ', 'null', 'null ', 1000),
('a1001', 'KIT SOTHEARO', 'null', '1954-08-29 00:00:00.000000', 'null ', 'null ', 'null', 'null ', 'null ', 'null ', 'null ', 'null ', 'null ', 'null ', 'null', 'null ', 1001),
('a1002', 'MS. KIT SOTHEARO', 'null', '1954-08-30 00:00:00.000000', 'null ', 'null ', 'null', 'null ', 'null ', 'null ', 'null ', 'null ', 'null ', 'null ', 'null', 'null ', 1002),
('a1003', 'MS. YENNY', 'Female', '1954-08-31 00:00:00.000000', 'null ', 'null ', 'Indonesian', 'null ', 'null ', 'null ', 'null ', 'null ', 'null ', 'null ', 'null', 'null ', 1003),
('a1004', 'Sambudi', 'Male', '1954-09-01 00:00:00.000000', 'null ', 'null ', 'Indonesian', 'null ', 'null ', 'null ', 'null ', 'null ', 'null ', 'null ', 'No', 'null ', 1004),
('a1005', 'Marcello Wannes', 'Male', '1954-09-02 00:00:00.000000', 'null ', 'null ', 'Belgium', 'null ', 'null ', 'null ', 'null ', 'null ', 'null ', 'null ', 'No', 'null ', 1005),
('a1006', 'Ginoy Christian', 'Male', '1954-09-03 00:00:00.000000', 'null ', 'null ', 'Filipino', 'null ', 'null ', 'null ', 'null ', 'null ', 'null ', 'null ', 'No', 'null ', 1006),
('a1007', 'Tenabolo Yulius', 'Male', '1954-09-04 00:00:00.000000', 'null ', 'null ', 'Indonesian', 'null ', 'null ', 'null ', 'null ', 'null ', 'null ', 'null ', 'No', 'null ', 1007),
('a1008', 'Budianto Ciawi', 'Male', '1954-09-05 00:00:00.000000', 'null ', 'null ', 'Indonesian', 'null ', 'null ', 'null ', 'null ', 'null ', 'null ', 'null ', 'No', 'null ', 1008),
('a1009', 'Rasheed Ibrahim', 'Male', '1954-09-06 00:00:00.000000', 'null ', 'null ', 'null', 'null ', 'null ', 'null ', 'null ', 'null ', 'null ', 'null ', 'No', 'null ', 1009),
('a101', 'Cooper Andrew Richard', 'Male', '1954-09-07 00:00:00.000000', 'null ', 'null ', 'Australian', 'null ', 'null ', 'null ', 'null ', 'null ', 'null ', 'null ', 'null', 'null ', 101),
('a1010', 'Lusiana Harjanto', 'Female', '1954-09-08 00:00:00.000000', 'null ', 'null ', 'Indonesian', 'null ', 'null ', 'null ', 'null ', 'null ', 'null ', 'null ', 'No', 'null ', 1010),
('a1011', 'Erliny Rosalinda', 'Female', '1954-09-09 00:00:00.000000', 'null ', 'null ', 'Indonesian', 'null ', 'null ', 'null ', 'null ', 'null ', 'null ', 'null ', 'Yes', 'null ', 1011),
('a1012', 'Erliny Rosalinda', 'Female', '1954-09-10 00:00:00.000000', 'null ', 'null ', 'Indonesian', 'null ', 'null ', 'null ', 'null ', 'null ', 'null ', 'null ', 'Yes', 'null ', 1012),
('a1013', 'Ruth Magdalena Mulyo', 'Female', '1954-09-11 00:00:00.000000', 'null ', 'null ', 'Indonesian', 'null ', 'null ', 'null ', 'null ', 'null ', 'null ', 'null ', 'Yes', 'null ', 1013),
('a1014', 'Jesslyn Yap', 'null', '1954-09-12 00:00:00.000000', 'null ', 'null ', 'Indonesian', 'null ', 'null ', 'null ', 'null ', 'null ', 'null ', 'null ', 'No', 'null ', 1014),
('a1015', 'LIE HERMAN HALIEANTO', 'null', '1954-09-13 00:00:00.000000', 'null ', 'null ', 'Indonesian', 'null ', 'null ', 'null ', 'null ', 'null ', 'null ', 'null ', 'No', 'null ', 1015),
('a1016', 'SISWANTO TANOKO', 'null', '1954-09-14 00:00:00.000000', 'null ', 'null ', 'Indonesian', 'null ', 'null ', 'null ', 'null ', 'null ', 'null ', 'null ', 'No', 'null ', 1016),
('a1017', 'Yessica Tee', 'Female', '1954-09-15 00:00:00.000000', 'null ', 'null ', 'Indonesian', 'null ', 'null ', 'null ', 'null ', 'null ', 'null ', 'null ', 'No', 'null ', 1017),
('a1018', 'Vivien Cheng Seng Yee', 'Female', '1954-09-16 00:00:00.000000', 'null ', 'null ', 'null', 'null ', 'null ', 'null ', 'null ', 'null ', 'null ', 'null ', 'Yes', 'null ', 1018),
('a1019', 'Said Elkacimi', 'null', '1954-09-17 00:00:00.000000', 'null ', 'null ', 'null', 'null ', 'null ', 'null ', 'null ', 'null ', 'null ', 'null ', 'Yes', 'null ', 1019),
('a102', 'Hartono Kho', 'Male', '1954-09-18 00:00:00.000000', 'null ', 'null ', 'Indonesian', 'null ', 'null ', 'null ', 'null ', 'null ', 'null ', 'null ', 'Yes', 'null ', 102),
('a1020', 'Curson Brandon Scott', 'null', '1954-09-19 00:00:00.000000', 'null ', 'null ', 'null', 'null ', 'null ', 'null ', 'null ', 'null ', 'null ', 'null ', 'No', 'null ', 1020),
('a1021', 'Paul James Bartlett', 'Male', '1954-09-20 00:00:00.000000', 'null ', 'null ', 'UK', 'null ', 'null ', 'null ', 'null ', 'null ', 'null ', 'null ', 'null', 'null ', 1021),
('a1022', 'karen Maria Michael Limpens', 'null', '1954-09-21 00:00:00.000000', 'null ', 'null ', 'null', 'null ', 'null ', 'null ', 'null ', 'null ', 'null ', 'null ', 'null', 'null ', 1022),
('a1023', 'Ms.karen Maria Michael Limpens', 'Female', '1954-09-22 00:00:00.000000', 'null ', 'null ', 'Netherlands', 'null ', 'null ', 'null ', 'null ', 'null ', 'null ', 'null ', 'null', 'null ', 1023),
('a1024', 'MARCO STACKE SILVA', 'Male', '1954-09-23 00:00:00.000000', 'null ', 'null ', 'Australian', 'null ', 'null ', 'null ', 'null ', 'null ', 'null ', 'null ', 'null', 'null ', 1024),
('a1025', 'ELAINE SCHMITZ', 'Female', '1954-09-24 00:00:00.000000', 'null ', 'null ', 'Australian', 'null ', 'null ', 'null ', 'null ', 'null ', 'null ', 'null ', 'null', 'null ', 1025),
('a1026', 'GIANLUCCA STACKE', 'Male', '1954-09-25 00:00:00.000000', 'null ', 'null ', 'Australian', 'null ', 'null ', 'null ', 'null ', 'null ', 'null ', 'null ', 'null', 'null ', 1026),
('a1027', 'REBECCA STACKE', 'Female', '1954-09-26 00:00:00.000000', 'null ', 'null ', 'Australian', 'null ', 'null ', 'null ', 'null ', 'null ', 'null ', 'null ', 'null', 'null ', 1027),
('a1028', 'FERGUSON KEVIN JACKSON', 'Male', '1954-09-27 00:00:00.000000', 'null ', 'null ', 'American', 'null ', 'null ', 'null ', 'null ', 'null ', 'null ', 'null ', 'null', 'null ', 1028),
('a1029', 'KUEK ENG CHYE ANTHONY', 'Male', '1954-09-28 00:00:00.000000', 'null ', 'null ', 'Singaporean', 'null ', 'null ', 'null ', 'null ', 'null ', 'null ', 'null ', 'null', 'null ', 1029),
('a103', 'Budiaman Tanasal', 'Male', '1954-09-29 00:00:00.000000', 'null ', 'null ', 'Indonesian', 'null ', 'null ', 'null ', 'null ', 'null ', 'null ', 'null ', 'No', 'null ', 103),
('a1030', 'KUEK GIA GERARDA CORNEL', 'Female', '1954-09-30 00:00:00.000000', 'null ', 'null ', 'New Zealand', 'null ', 'null ', 'null ', 'null ', 'null ', 'null ', 'null ', 'null', 'null ', 1030),
('a1031', 'TOPPING GREGORY JAMES', 'Male', '1954-10-01 00:00:00.000000', 'null ', 'null ', 'Australian', 'null ', 'null ', 'null ', 'null ', 'null ', 'null ', 'null ', 'null', 'null ', 1031),
('a1032', 'Mei Lin Clara Babot', 'null', '1954-10-02 00:00:00.000000', 'null ', 'null ', 'null', 'null ', 'null ', 'null ', 'null ', 'null ', 'null ', 'null ', 'No', 'null ', 1032),
('a1033', 'Mr Teng Kin Seng', 'Male', '1954-10-03 00:00:00.000000', 'null ', 'null ', 'Malaysian', 'null ', 'null ', 'null ', 'null ', 'null ', 'null ', 'null ', 'Yes', 'null ', 1033),
('a1034', 'Gazhali Sindhi Surataruna', 'Male', '1954-10-04 00:00:00.000000', 'null ', 'null ', 'Indonesian', 'null ', 'null ', 'null ', 'null ', 'null ', 'null ', 'null ', 'No', 'null ', 1034),
('a1035', 'Mr Tebonarto', 'Male', '1954-10-05 00:00:00.000000', 'null ', 'null ', 'Indonesian', 'null ', 'null ', 'null ', 'null ', 'null ', 'null ', 'null ', 'Yes', 'null ', 1035),
('a1036', 'Siena Klinzing Patrice', 'null', '1954-10-06 00:00:00.000000', 'null ', 'null ', 'null', 'null ', 'null ', 'null ', 'null ', 'null ', 'null ', 'null ', 'No', 'null ', 1036),
('a1037', 'Mr Tarif Aziiz', 'Male', '1954-10-07 00:00:00.000000', 'null ', 'null ', 'Bangladeshi', 'null ', 'null ', 'null ', 'null ', 'null ', 'null ', 'null ', 'No', 'null ', 1037),
('a1038', 'Aswin Salim Andrison', 'Male', '1954-10-08 00:00:00.000000', 'null ', 'null ', 'Indonesian', 'null ', 'null ', 'null ', 'null ', 'null ', 'null ', 'null ', 'Yes', 'null ', 1038),
('a1039', 'Kevin Tan Clinic For Diabetes Thyroid & Hormo', 'null', '1954-10-09 00:00:00.000000', 'null ', 'null ', 'null', 'null ', 'null ', 'null ', 'null ', 'null ', 'null ', 'null ', 'null', 'null ', 1039),
('a104', 'Chin Sioe Kian', 'Female', '1954-10-10 00:00:00.000000', 'null ', 'null ', 'Indonesian', 'null ', 'null ', 'null ', 'null ', 'null ', 'null ', 'null ', 'No', 'null ', 104),
('a1040', 'Loh Boon Shang', 'Female', '1954-10-11 00:00:00.000000', 'null ', 'null ', 'Singaporean', 'null ', 'null ', 'null ', 'null ', 'null ', 'null ', 'null ', 'null', 'null ', 1040),
('a1041', 'Wong Chin Fook', 'Male', '1954-10-12 00:00:00.000000', 'null ', 'null ', 'Malaysian', 'null ', 'null ', 'null ', 'null ', 'null ', 'null ', 'null ', 'null', 'null ', 1041),
('a1042', 'Kwok Onn Mun', 'Male', '1954-10-13 00:00:00.000000', 'null ', 'null ', 'Singaporean', 'null ', 'null ', 'null ', 'null ', 'null ', 'null ', 'null ', 'null', 'null ', 1042),
('a1043', 'Chen Chee Jang', 'Male', '1954-10-14 00:00:00.000000', 'null ', 'null ', 'Malaysian', 'null ', 'null ', 'null ', 'null ', 'null ', 'null ', 'null ', 'null', 'null ', 1043),
('a1044', 'Ang Wee Boon', 'Male', '1954-10-15 00:00:00.000000', 'null ', 'null ', 'Malaysian', 'null ', 'null ', 'null ', 'null ', 'null ', 'null ', 'null ', 'null', 'null ', 1044),
('a1045', 'Febriyana Santoso', 'Female', '1954-10-16 00:00:00.000000', 'null ', 'null ', 'Indonesian', 'null ', 'null ', 'null ', 'null ', 'null ', 'null ', 'null ', 'No', 'null ', 1045),
('a1046', 'Febriyana Santoso', 'Female', '1954-10-17 00:00:00.000000', 'null ', 'null ', 'Indonesian', 'null ', 'null ', 'null ', 'null ', 'null ', 'null ', 'null ', 'Yes', 'null ', 1046),
('a1047', 'Febriyana Santoso', 'Female', '1954-10-18 00:00:00.000000', 'null ', 'null ', 'Indonesian', 'null ', 'null ', 'null ', 'null ', 'null ', 'null ', 'null ', 'Yes', 'null ', 1047),
('a1048', 'Febriyana Santoso', 'Female', '1954-10-19 00:00:00.000000', 'null ', 'null ', 'Indonesian', 'null ', 'null ', 'null ', 'null ', 'null ', 'null ', 'null ', 'Yes', 'null ', 1048),
('a1049', 'Febriyana Santoso', 'Female', '1954-10-20 00:00:00.000000', 'null ', 'null ', 'Indonesian', 'null ', 'null ', 'null ', 'null ', 'null ', 'null ', 'null ', 'No', 'null ', 1049),
('a105', 'SARA RAFEL CUFI', 'Female', '1954-10-21 00:00:00.000000', 'null ', 'null ', 'ZZZOthers', 'null ', 'null ', 'null ', 'null ', 'null ', 'null ', 'null ', 'No', 'null ', 105),
('a1050', 'MUHAMMAD ABI RASYID', 'Male', '1954-10-22 00:00:00.000000', 'null ', 'null ', 'Indonesian', 'null ', 'null ', 'null ', 'null ', 'null ', 'null ', 'null ', 'No', 'null ', 1050),
('a1051', 'Sugiyanto Rustiadi', 'Male', '1954-10-23 00:00:00.000000', 'null ', 'null ', 'Indonesian', 'null ', 'null ', 'null ', 'null ', 'null ', 'null ', 'null ', 'No', 'null ', 1051),
('a1052', 'Yoehan Wahyudi Santoso', 'Male', '1954-10-24 00:00:00.000000', 'null ', 'null ', 'Indonesian', 'null ', 'null ', 'null ', 'null ', 'null ', 'null ', 'null ', 'Yes', 'null ', 1052),
('a1053', 'Said Elkacimi', 'Male', '1954-10-25 00:00:00.000000', 'null ', 'null ', 'Indonesian', 'null ', 'null ', 'null ', 'null ', 'null ', 'null ', 'null ', 'Yes', 'null ', 1053),
('a1054', 'Tevilyan Yudhistira Rusli', 'Male', '1954-10-26 00:00:00.000000', 'null ', 'null ', 'Indonesian', 'null ', 'null ', 'null ', 'null ', 'null ', 'null ', 'null ', 'No', 'null ', 1054),
('a1055', 'Mr. Dhruv Venugopalan Menon', 'Male', '1954-10-27 00:00:00.000000', 'null ', 'null ', 'Indian', 'null ', 'null ', 'null ', 'null ', 'null ', 'null ', 'null ', 'null', 'null ', 1055),
('a1056', 'Rodolfo Alfredo Giambelli', 'Male', '1954-10-28 00:00:00.000000', 'null ', 'null ', 'Italian', 'null ', 'null ', 'null ', 'null ', 'null ', 'null ', 'null ', 'null', 'null ', 1056),
('a1057', 'Mr. Taylor Robert John', 'null', '1954-10-29 00:00:00.000000', 'null ', 'null ', 'null', 'null ', 'null ', 'null ', 'null ', 'null ', 'null ', 'null ', 'null', 'null ', 1057),
('a1058', 'Mr Tebonarto', 'Male', '1954-10-30 00:00:00.000000', 'null ', 'null ', 'Indonesian', 'null ', 'null ', 'null ', 'null ', 'null ', 'null ', 'null ', 'No', 'null ', 1058),
('a1059', 'Mr Tebonarto', 'Male', '1954-10-31 00:00:00.000000', 'null ', 'null ', 'Indonesian', 'null ', 'null ', 'null ', 'null ', 'null ', 'null ', 'null ', 'No', 'null ', 1059),
('a106', 'Martinez Mengual Antonio', 'Male', '1954-11-01 00:00:00.000000', 'null ', 'null ', 'null', 'null ', 'null ', 'null ', 'null ', 'null ', 'null ', 'null ', 'No', 'null ', 106),
('a1060', 'Febriyana Santoso', 'Female', '1954-11-02 00:00:00.000000', 'null ', 'null ', 'Indonesian', 'null ', 'null ', 'null ', 'null ', 'null ', 'null ', 'null ', 'No', 'null ', 1060),
('a1061', 'Vandi Andreanus', 'Male', '1954-11-03 00:00:00.000000', 'null ', 'null ', 'Indonesian', 'null ', 'null ', 'null ', 'null ', 'null ', 'null ', 'null ', 'No', 'null ', 1061),
('a1062', 'Djoenaedi Joesoef', 'Male', '1954-11-04 00:00:00.000000', 'null ', 'null ', 'Indonesian', 'null ', 'null ', 'null ', 'null ', 'null ', 'null ', 'null ', 'No', 'null ', 1062),
('a1063', 'Pearce Luke Bradley', 'Male', '1954-11-05 00:00:00.000000', 'null ', 'null ', 'Australian', 'null ', 'null ', 'null ', 'null ', 'null ', 'null ', 'null ', 'No', 'null ', 1063),
('a1064', 'PT Indika Inti Corpindo', 'null', '1954-11-06 00:00:00.000000', 'null ', 'null ', 'null', 'null ', 'null ', 'null ', 'null ', 'null ', 'null ', 'null ', 'null', 'null ', 1064),
('a1065', 'Mr Tebonarto', 'Male', '1954-11-07 00:00:00.000000', 'null ', 'null ', 'Indonesian', 'null ', 'null ', 'null ', 'null ', 'null ', 'null ', 'null ', 'No', 'null ', 1065),
('a1066', 'Hira Akbar Wahaj', 'Male', '1954-11-08 00:00:00.000000', 'null ', 'null ', 'null', 'null ', 'null ', 'null ', 'null ', 'null ', 'null ', 'null ', 'Yes', 'null ', 1066),
('a1067', 'Mr. Simen Skaare Eriksen', 'null', '1954-11-09 00:00:00.000000', 'null ', 'null ', 'null', 'null ', 'null ', 'null ', 'null ', 'null ', 'null ', 'null ', 'null', 'null ', 1067),
('a1068', 'Christopher Dylan Mckeavenvy', 'Male', '1954-11-10 00:00:00.000000', 'null ', 'null ', 'Australian', 'null ', 'null ', 'null ', 'null ', 'null ', 'null ', 'null ', 'null', 'null ', 1068),
('a1069', 'Holl Brian Francis', 'Male', '1954-11-11 00:00:00.000000', 'null ', 'null ', 'American', 'null ', 'null ', 'null ', 'null ', 'null ', 'null ', 'null ', 'null', 'null ', 1069),
('a107', 'Budihardjo Chandra', 'Male', '1954-11-12 00:00:00.000000', 'null ', 'null ', 'Indonesian', 'null ', 'null ', 'null ', 'null ', 'null ', 'null ', 'null ', 'No', 'null ', 107),
('a1070', 'Goyat Jean Francois', 'Male', '1954-11-13 00:00:00.000000', 'null ', 'null ', 'France', 'null ', 'null ', 'null ', 'null ', 'null ', 'null ', 'null ', 'null', 'null ', 1070),
('a1071', 'Van Alstine Jeffery Victor', 'Male', '1954-11-14 00:00:00.000000', 'null ', 'null ', 'American', 'null ', 'null ', 'null ', 'null ', 'null ', 'null ', 'null ', 'null', 'null ', 1071),
('a1072', 'Puspita Dewi', 'Female', '1954-11-15 00:00:00.000000', 'null ', 'null ', 'Indonesian', 'null ', 'null ', 'null ', 'null ', 'null ', 'null ', 'null ', 'No', 'null ', 1072),
('a1073', 'Syafruddin Kambo', 'Male', '1954-11-16 00:00:00.000000', 'null ', 'null ', 'Indonesian', 'null ', 'null ', 'null ', 'null ', 'null ', 'null ', 'null ', 'No', 'null ', 1073),
('a1074', 'Ulink', 'null', '1954-11-17 00:00:00.000000', 'null ', 'null ', 'null', 'null ', 'null ', 'null ', 'null ', 'null ', 'null ', 'null ', 'null', 'null ', 1074),
('a1075', 'Febriyana Santoso', 'Female', '1954-11-18 00:00:00.000000', 'null ', 'null ', 'Indonesian', 'null ', 'null ', 'null ', 'null ', 'null ', 'null ', 'null ', 'No', 'null ', 1075),
('a1076', 'Djoenaedi Joesoef', 'Male', '1954-11-19 00:00:00.000000', 'null ', 'null ', 'Indonesian', 'null ', 'null ', 'null ', 'null ', 'null ', 'null ', 'null ', 'No', 'null ', 1076),
('a1077', 'Alvin Lynn Martin Jr', 'Male', '1954-11-20 00:00:00.000000', 'null ', 'null ', 'American', 'null ', 'null ', 'null ', 'null ', 'null ', 'null ', 'null ', 'null', 'null ', 1077),
('a1078', 'Jacque De Beer', 'Male', '1954-11-21 00:00:00.000000', 'null ', 'null ', 'South African', 'null ', 'null ', 'null ', 'null ', 'null ', 'null ', 'null ', 'null', 'null ', 1078),
('a1079', 'DATO SRI FARID RIDZUAN', 'Male', '1954-11-22 00:00:00.000000', 'null ', 'null ', 'Malaysian', 'null ', 'null ', 'null ', 'null ', 'null ', 'null ', 'null ', 'No', 'null ', 1079),
('a108', 'Philip George Martin', 'Male', '1954-11-23 00:00:00.000000', 'null ', 'null ', 'Australian', 'null ', 'null ', 'null ', 'null ', 'null ', 'null ', 'null ', 'null', 'null ', 108),
('a1080', 'PRICILLA TIU SIEW CHUEN', 'Female', '1954-11-24 00:00:00.000000', 'null ', 'null ', 'Malaysian', 'null ', 'null ', 'null ', 'null ', 'null ', 'null ', 'null ', 'No', 'null ', 1080),
('a1081', 'SHARON CALLISTA RAIN', 'Female', '1954-11-25 00:00:00.000000', 'null ', 'null ', 'Indonesian', 'null ', 'null ', 'null ', 'null ', 'null ', 'null ', 'null ', 'No', 'null ', 1081),
('a1082', 'Bryski Ulf', 'Male', '1954-11-26 00:00:00.000000', 'null ', 'null ', 'German', 'null ', 'null ', 'null ', 'null ', 'null ', 'null ', 'null ', 'No', 'null ', 1082),
('a1083', 'Wilson Lawrence Keith', 'Male', '1954-11-27 00:00:00.000000', 'null ', 'null ', 'American', 'null ', 'null ', 'null ', 'null ', 'null ', 'null ', 'null ', 'null', 'null ', 1083),
('a1084', 'Kate Maree Druhan', 'Female', '1954-11-28 00:00:00.000000', 'null ', 'null ', 'Australian', 'null ', 'null ', 'null ', 'null ', 'null ', 'null ', 'null ', 'null', 'null ', 1084),
('a1085', 'Seah Raymond  Charles o Grady', 'Male', '1954-11-29 00:00:00.000000', 'null ', 'null ', 'Australian', 'null ', 'null ', 'null ', 'null ', 'null ', 'null ', 'null ', 'null', 'null ', 1085),
('a1086', 'Patrick Conor Druhan o  Grady', 'Male', '1954-11-30 00:00:00.000000', 'null ', 'null ', 'Australian', 'null ', 'null ', 'null ', 'null ', 'null ', 'null ', 'null ', 'null', 'null ', 1086),
('a1087', 'Eamon Charles Druhan o Grady', 'Male', '1954-12-01 00:00:00.000000', 'null ', 'null ', 'Australian', 'null ', 'null ', 'null ', 'null ', 'null ', 'null ', 'null ', 'null', 'null ', 1087),
('a1088', 'Eloise Catherine Druhan o Grady', 'Male', '1954-12-02 00:00:00.000000', 'null ', 'null ', 'Australian', 'null ', 'null ', 'null ', 'null ', 'null ', 'null ', 'null ', 'null', 'null ', 1088),
('a1089', 'Liem Po Tjo', 'Male', '1954-12-03 00:00:00.000000', 'null ', 'null ', 'Indonesian', 'null ', 'null ', 'null ', 'null ', 'null ', 'null ', 'null ', 'No', 'null ', 1089),
('a109', 'Timothy John Hammel', 'Male', '1954-12-04 00:00:00.000000', 'null ', 'null ', 'null', 'null ', 'null ', 'null ', 'null ', 'null ', 'null ', 'null ', 'null', 'null ', 109),
('a1090', 'Inti Chendana', 'Male', '1954-12-05 00:00:00.000000', 'null ', 'null ', 'Indonesian', 'null ', 'null ', 'null ', 'null ', 'null ', 'null ', 'null ', 'No', 'null ', 1090),
('a1091', 'Febriyana Santoso', 'Female', '1954-12-06 00:00:00.000000', 'null ', 'null ', 'Indonesian', 'null ', 'null ', 'null ', 'null ', 'null ', 'null ', 'null ', 'Yes', 'null ', 1091),
('a1092', 'Febriyana Santoso', 'Female', '1954-12-07 00:00:00.000000', 'null ', 'null ', 'Indonesian', 'null ', 'null ', 'null ', 'null ', 'null ', 'null ', 'null ', 'No', 'null ', 1092),
('a1093', 'Neak Vantha', 'Female', '1954-12-08 00:00:00.000000', 'null ', 'null ', 'Cambodian', 'null ', 'null ', 'null ', 'null ', 'null ', 'null ', 'null ', 'No', 'null ', 1093),
('a1094', 'W Calvin Lewis Collins', 'Male', '1954-12-09 00:00:00.000000', 'null ', 'null ', 'American', 'null ', 'null ', 'null ', 'null ', 'null ', 'null ', 'null ', 'No', 'null ', 1094),
('a1095', 'Naufal Dira T, Mr', 'Male', '1954-12-10 00:00:00.000000', 'null ', 'null ', 'Indonesian', 'null ', 'null ', 'null ', 'null ', 'null ', 'null ', 'null ', 'No', 'null ', 1095),
('a1096', 'TJOA BENG HUI', 'Male', '1954-12-11 00:00:00.000000', 'null ', 'null ', 'Indonesian', 'null ', 'null ', 'null ', 'null ', 'null ', 'null ', 'null ', 'No', 'null ', 1096),
('a1097', 'Surya Candra', 'Male', '1954-12-12 00:00:00.000000', 'null ', 'null ', 'Indonesian', 'null ', 'null ', 'null ', 'null ', 'null ', 'null ', 'null ', 'No', 'null ', 1097),
('a1098', 'Liem Agus Harianto', 'Male', '1954-12-13 00:00:00.000000', 'null ', 'null ', 'null', 'null ', 'null ', 'null ', 'null ', 'null ', 'null ', 'null ', 'No', 'null ', 1098),
('a1099', 'Mdm Lay Lie Sian', 'Female', '1954-12-14 00:00:00.000000', 'null ', 'null ', 'null', 'null ', 'null ', 'null ', 'null ', 'null ', 'null ', 'null ', 'No', 'null ', 1099),
('a11', 'David Mckenzie Lee', 'Male', '1954-12-15 00:00:00.000000', 'null ', 'null ', 'null', 'null ', 'null ', 'null ', 'null ', 'null ', 'null ', 'null ', 'No', 'null ', 11),
('a110', 'Rachmadi Joesoef', 'Male', '1954-12-16 00:00:00.000000', 'null ', 'null ', 'Indonesian', 'null ', 'null ', 'null ', 'null ', 'null ', 'null ', 'null ', 'null', 'null ', 110),
('a1100', 'Mdm Lay Lie Sian', 'Female', '1954-12-17 00:00:00.000000', 'null ', 'null ', 'null', 'null ', 'null ', 'null ', 'null ', 'null ', 'null ', 'null ', 'No', 'null ', 1100),
('a1101', 'Thiono Prasetya Harry Hartono', 'null', '1954-12-18 00:00:00.000000', 'null ', 'null ', 'Indonesian', 'null ', 'null ', 'null ', 'null ', 'null ', 'null ', 'null ', 'No', 'null ', 1101),
('a1102', 'Tang Maxwell', 'null', '1954-12-19 00:00:00.000000', 'null ', 'null ', 'Indonesian', 'null ', 'null ', 'null ', 'null ', 'null ', 'null ', 'null ', 'No', 'null ', 1102),
('a1103', 'Novita Inge', 'null', '1954-12-20 00:00:00.000000', 'null ', 'null ', 'Indonesian', 'null ', 'null ', 'null ', 'null ', 'null ', 'null ', 'null ', 'No', 'null ', 1103),
('a1104', 'Lie Bie Kim', 'null', '1954-12-21 00:00:00.000000', 'null ', 'null ', 'null', 'null ', 'null ', 'null ', 'null ', 'null ', 'null ', 'null ', 'No', 'null ', 1104),
('a1105', 'Estrada Carbonell Juliana', 'Female', '1954-12-22 00:00:00.000000', 'null ', 'null ', 'null', 'null ', 'null ', 'null ', 'null ', 'null ', 'null ', 'null ', 'null', 'null ', 1105),
('a1106', 'Ms. Estrada Carbonell Juliana', 'null', '1954-12-23 00:00:00.000000', 'null ', 'null ', 'null', 'null ', 'null ', 'null ', 'null ', 'null ', 'null ', 'null ', 'null', 'null ', 1106),
('a1107', 'Leong  E Sun', 'Male', '1954-12-24 00:00:00.000000', 'null ', 'null ', 'Singaporean', 'null ', 'null ', 'null ', 'null ', 'null ', 'null ', 'null ', 'null', 'null ', 1107),
('a1108', 'MATHIAS SCHROEDER', 'Male', '1954-12-25 00:00:00.000000', 'null ', 'null ', 'Dutch', 'null ', 'null ', 'null ', 'null ', 'null ', 'null ', 'null ', 'null', 'null ', 1108),
('a1109', 'Martin Phillip George', 'Male', '1954-12-26 00:00:00.000000', 'null ', 'null ', 'Australian', 'null ', 'null ', 'null ', 'null ', 'null ', 'null ', 'null ', 'null', 'null ', 1109),
('a111', 'Rosdiaty  Binti Zainul Abidin', 'Female', '1954-12-27 00:00:00.000000', 'null ', 'null ', 'Indonesian', 'null ', 'null ', 'null ', 'null ', 'null ', 'null ', 'null ', 'No', 'null ', 111),
('a1110', 'Kenneth Bruce Smith', 'Male', '1954-12-28 00:00:00.000000', 'null ', 'null ', 'UK', 'null ', 'null ', 'null ', 'null ', 'null ', 'null ', 'null ', 'null', 'null ', 1110),
('a1111', 'Ordanza Charlo Icalla', 'Male', '1954-12-29 00:00:00.000000', 'null ', 'null ', 'Filipino', 'null ', 'null ', 'null ', 'null ', 'null ', 'null ', 'null ', 'null', 'null ', 1111),
('a1112', 'Visto Danilo cainoy', 'Male', '1954-12-30 00:00:00.000000', 'null ', 'null ', 'Filipino', 'null ', 'null ', 'null ', 'null ', 'null ', 'null ', 'null ', 'null', 'null ', 1112),
('a1113', 'Abdullah  Hamed Ahmed Al Manji', 'Male', '1954-12-31 00:00:00.000000', 'null ', 'null ', 'null', 'null ', 'null ', 'null ', 'null ', 'null ', 'null ', 'null ', 'null', 'null ', 1113),
('a1114', 'Joselito Apolinario Peralta Calayo', 'Male', '1955-01-01 00:00:00.000000', 'null ', 'null ', 'Filipino', 'null ', 'null ', 'null ', 'null ', 'null ', 'null ', 'null ', 'No', 'null ', 1114),
('a1115', 'Adrianta Widyanata', 'Male', '1955-01-02 00:00:00.000000', 'null ', 'null ', 'Indonesian', 'null ', 'null ', 'null ', 'null ', 'null ', 'null ', 'null ', 'No', 'null ', 1115),
('a1116', 'Mr Tebonarto', 'Male', '1955-01-03 00:00:00.000000', 'null ', 'null ', 'Indonesian', 'null ', 'null ', 'null ', 'null ', 'null ', 'null ', 'null ', 'Yes', 'null ', 1116),
('a1117', 'Mdm Lay Lie Sian', 'Female', '1955-01-04 00:00:00.000000', 'null ', 'null ', 'null', 'null ', 'null ', 'null ', 'null ', 'null ', 'null ', 'null ', 'No', 'null ', 1117),
('a1118', 'Nadya Nathania Santoso', 'Female', '1955-01-05 00:00:00.000000', 'null ', 'null ', 'Indonesian', 'null ', 'null ', 'null ', 'null ', 'null ', 'null ', 'null ', 'No', 'null ', 1118),
('a1119', 'Rahel Monalisa Hutagaol', 'null', '1955-01-06 00:00:00.000000', 'null ', 'null ', 'Indonesian', 'null ', 'null ', 'null ', 'null ', 'null ', 'null ', 'null ', 'No', 'null ', 1119),
('a112', 'Santi Laksmi Surya', 'Female', '1955-01-07 00:00:00.000000', 'null ', 'null ', 'Indonesian', 'null ', 'null ', 'null ', 'null ', 'null ', 'null ', 'null ', 'No', 'null ', 112),
('a1120', 'Wilbert Sean Dennys', 'Male', '1955-01-08 00:00:00.000000', 'null ', 'null ', 'Indonesian', 'null ', 'null ', 'null ', 'null ', 'null ', 'null ', 'null ', 'No', 'null ', 1120),
('a1121', 'Inti Chendana', 'Male', '1955-01-09 00:00:00.000000', 'null ', 'null ', 'Indonesian', 'null ', 'null ', 'null ', 'null ', 'null ', 'null ', 'null ', 'No', 'null ', 1121),
('a1122', 'ROBERT MERRITT TRAISTER', 'Male', '1955-01-10 00:00:00.000000', 'null ', 'null ', 'American', 'null ', 'null ', 'null ', 'null ', 'null ', 'null ', 'null ', 'Yes', 'null ', 1122),
('a1123', 'Gopalakrishnan Surianarayana', 'null', '1955-01-11 00:00:00.000000', 'null ', 'null ', 'Singaporean', 'null ', 'null ', 'null ', 'null ', 'null ', 'null ', 'null ', 'null', 'null ', 1123),
('a1124', 'Najmiah Binti Ringkas', 'null', '1955-01-12 00:00:00.000000', 'null ', 'null ', 'Indonesian', 'null ', 'null ', 'null ', 'null ', 'null ', 'null ', 'null ', 'No', 'null ', 1124),
('a1125', 'F Lusiana Harjanto', 'Female', '1955-01-13 00:00:00.000000', 'null ', 'null ', 'Indonesian', 'null ', 'null ', 'null ', 'null ', 'null ', 'null ', 'null ', 'No', 'null ', 1125),
('a1126', 'Claudia Ciona Simons', 'null', '1955-01-14 00:00:00.000000', 'null ', 'null ', 'null', 'null ', 'null ', 'null ', 'null ', 'null ', 'null ', 'null ', 'No', 'null ', 1126),
('a1127', 'Theresia Merdeka Putri', 'null', '1955-01-15 00:00:00.000000', 'null ', 'null ', 'Indonesian', 'null ', 'null ', 'null ', 'null ', 'null ', 'null ', 'null ', 'No', 'null ', 1127),
('a1128', 'Anke Andree', 'Female', '1955-01-16 00:00:00.000000', 'null ', 'null ', 'German', 'null ', 'null ', 'null ', 'null ', 'null ', 'null ', 'null ', 'No', 'null ', 1128),
('a1129', 'Ellisa waluyo', 'Female', '1955-01-17 00:00:00.000000', 'null ', 'null ', 'Indonesian', 'null ', 'null ', 'null ', 'null ', 'null ', 'null ', 'null ', 'null', 'null ', 1129),
('a113', 'Candole Daal Mario', 'Male', '1955-01-18 00:00:00.000000', 'null ', 'null ', 'Filipino', 'null ', 'null ', 'null ', 'null ', 'null ', 'null ', 'null ', 'null', 'null ', 113),
('a1130', 'Ms. Ellisa waluyo', 'null', '1955-01-19 00:00:00.000000', 'null ', 'null ', 'null', 'null ', 'null ', 'null ', 'null ', 'null ', 'null ', 'null ', 'null', 'null ', 1130),
('a1131', 'Rosna', 'null', '1955-01-20 00:00:00.000000', 'null ', 'null ', 'Indonesian', 'null ', 'null ', 'null ', 'null ', 'null ', 'null ', 'null ', 'No', 'null ', 1131),
('a1132', 'Lena Maria Suhr', 'null', '1955-01-21 00:00:00.000000', 'null ', 'null ', 'Swiss', 'null ', 'null ', 'null ', 'null ', 'null ', 'null ', 'null ', 'No', 'null ', 1132),
('a1133', 'Andrew William Wilson', 'Male', '1955-01-22 00:00:00.000000', 'null ', 'null ', 'UK', 'null ', 'null ', 'null ', 'null ', 'null ', 'null ', 'null ', 'null', 'null ', 1133),
('a1134', 'Ham Michael Jeffrey', 'Male', '1955-01-23 00:00:00.000000', 'null ', 'null ', 'Australian', 'null ', 'null ', 'null ', 'null ', 'null ', 'null ', 'null ', 'null', 'null ', 1134),
('a1135', 'James Arthur Ahuman III', 'Male', '1955-01-24 00:00:00.000000', 'null ', 'null ', 'American', 'null ', 'null ', 'null ', 'null ', 'null ', 'null ', 'null ', 'null', 'null ', 1135),
('a1136', 'Willis Keith Allen', 'Male', '1955-01-25 00:00:00.000000', 'null ', 'null ', 'American', 'null ', 'null ', 'null ', 'null ', 'null ', 'null ', 'null ', 'null', 'null ', 1136),
('a1137', 'Rominger Christopher Neal', 'Male', '1955-01-26 00:00:00.000000', 'null ', 'null ', 'American', 'null ', 'null ', 'null ', 'null ', 'null ', 'null ', 'null ', 'null', 'null ', 1137),
('a1138', 'Fox Robert Virgil', 'Male', '1955-01-27 00:00:00.000000', 'null ', 'null ', 'American', 'null ', 'null ', 'null ', 'null ', 'null ', 'null ', 'null ', 'null', 'null ', 1138),
('a1139', 'Paldino IIIdonald Richard', 'Male', '1955-01-28 00:00:00.000000', 'null ', 'null ', 'American', 'null ', 'null ', 'null ', 'null ', 'null ', 'null ', 'null ', 'null', 'null ', 1139),
('a114', 'Khin Win Kyi', 'Female', '1955-01-29 00:00:00.000000', 'null ', 'null ', 'Burmese', 'null ', 'null ', 'null ', 'null ', 'null ', 'null ', 'null ', 'No', 'null ', 114),
('a1140', 'Eanes William Charles', 'Male', '1955-01-30 00:00:00.000000', 'null ', 'null ', 'American', 'null ', 'null ', 'null ', 'null ', 'null ', 'null ', 'null ', 'null', 'null ', 1140),
('a1141', 'Davis Carl eric', 'Male', '1955-01-31 00:00:00.000000', 'null ', 'null ', 'American', 'null ', 'null ', 'null ', 'null ', 'null ', 'null ', 'null ', 'null', 'null ', 1141),
('a1142', 'Anthony Paul Diemart', 'Male', '1955-02-01 00:00:00.000000', 'null ', 'null ', 'Canadian', 'null ', 'null ', 'null ', 'null ', 'null ', 'null ', 'null ', 'null', 'null ', 1142),
('a1143', 'Ulink myanmar', 'null', '1955-02-02 00:00:00.000000', 'null ', 'null ', 'null', 'null ', 'null ', 'null ', 'null ', 'null ', 'null ', 'null ', 'null', 'null ', 1143),
('a1144', 'Raymond Eka Febio', 'null', '1955-02-03 00:00:00.000000', 'null ', 'null ', 'Indonesian', 'null ', 'null ', 'null ', 'null ', 'null ', 'null ', 'null ', 'No', 'null ', 1144),
('a1145', 'Win Htein', 'Male', '1955-02-04 00:00:00.000000', 'null ', 'null ', 'Burmese', 'null ', 'null ', 'null ', 'null ', 'null ', 'null ', 'null ', 'No', 'null ', 1145),
('a1146', 'SOEHONO TJIPTOHARDJO', 'null', '1955-02-05 00:00:00.000000', 'null ', 'null ', 'Indonesian', 'null ', 'null ', 'null ', 'null ', 'null ', 'null ', 'null ', 'No', 'null ', 1146),
('a1147', 'TIN TIN SALY', 'null', '1955-02-06 00:00:00.000000', 'null ', 'null ', 'null', 'null ', 'null ', 'null ', 'null ', 'null ', 'null ', 'null ', 'No', 'null ', 1147),
('a1148', 'Taufik Ahmad', 'Male', '1955-02-07 00:00:00.000000', 'null ', 'null ', 'Indonesian', 'null ', 'null ', 'null ', 'null ', 'null ', 'null ', 'null ', 'Yes', 'null ', 1148),
('a1149', 'Leon Adriaan carstens', 'Male', '1955-02-08 00:00:00.000000', 'null ', 'null ', 'null', 'null ', 'null ', 'null ', 'null ', 'null ', 'null ', 'null ', 'null', 'null ', 1149),
('a115', 'Wendy Saputra', 'null', '1955-02-09 00:00:00.000000', 'null ', 'null ', 'Indonesian', 'null ', 'null ', 'null ', 'null ', 'null ', 'null ', 'null ', 'No', 'null ', 115),
('a1150', 'Vergel Villamor Tanio', 'Male', '1955-02-10 00:00:00.000000', 'null ', 'null ', 'Filipino', 'null ', 'null ', 'null ', 'null ', 'null ', 'null ', 'null ', 'null', 'null ', 1150),
('a1151', 'Singapore International Eye Cataract Retina C', 'null', '1955-02-11 00:00:00.000000', 'null ', 'null ', 'null', 'null ', 'null ', 'null ', 'null ', 'null ', 'null ', 'null ', 'null', 'null ', 1151),
('a1152', 'Ulin myanmar', 'null', '1955-02-12 00:00:00.000000', 'null ', 'null ', 'null', 'null ', 'null ', 'null ', 'null ', 'null ', 'null ', 'null ', 'null', 'null ', 1152),
('a1153', 'Fei Tony Liu', 'Male', '1955-02-13 00:00:00.000000', 'null ', 'null ', 'Australian', 'null ', 'null ', 'null ', 'null ', 'null ', 'null ', 'null ', 'null', 'null ', 1153),
('a1154', 'Fleischmann Klaus Bernhard', 'Male', '1955-02-14 00:00:00.000000', 'null ', 'null ', 'Australian', 'null ', 'null ', 'null ', 'null ', 'null ', 'null ', 'null ', 'null', 'null ', 1154),
('a1155', 'Widagdho Santoso', 'Male', '1955-02-15 00:00:00.000000', 'null ', 'null ', 'Indonesian', 'null ', 'null ', 'null ', 'null ', 'null ', 'null ', 'null ', 'No', 'null ', 1155),
('a1156', 'Wihelmus Yopi Mulyono', 'Male', '1955-02-16 00:00:00.000000', 'null ', 'null ', 'Indonesian', 'null ', 'null ', 'null ', 'null ', 'null ', 'null ', 'null ', 'No', 'null ', 1156),
('a1157', 'Wihelmus Yopi Mulyono', 'Male', '1955-02-17 00:00:00.000000', 'null ', 'null ', 'Indonesian', 'null ', 'null ', 'null ', 'null ', 'null ', 'null ', 'null ', 'No', 'null ', 1157),
('a1158', 'Denny Yoanata', 'Male', '1955-02-18 00:00:00.000000', 'null ', 'null ', 'Indonesian', 'null ', 'null ', 'null ', 'null ', 'null ', 'null ', 'null ', 'No', 'null ', 1158),
('a1159', 'Odalric Arifin Shiayadi', 'Male', '1955-02-19 00:00:00.000000', 'null ', 'null ', 'Indonesian', 'null ', 'null ', 'null ', 'null ', 'null ', 'null ', 'null ', 'No', 'null ', 1159),
('a116', 'Duncan Hustler', 'null', '1955-02-20 00:00:00.000000', 'null ', 'null ', 'null', 'null ', 'null ', 'null ', 'null ', 'null ', 'null ', 'null ', 'null', 'null ', 116),
('a1160', 'Gouw Giok Swan', 'Female', '1955-02-21 00:00:00.000000', 'null ', 'null ', 'Indonesian', 'null ', 'null ', 'null ', 'null ', 'null ', 'null ', 'null ', 'Yes', 'null ', 1160),
('a1161', 'Mohamed Ismail Mohamed Sayeek', 'Male', '1955-02-22 00:00:00.000000', 'null ', 'null ', 'Sri Lanka', 'null ', 'null ', 'null ', 'null ', 'null ', 'null ', 'null ', 'No', 'null ', 1161),
('a1162', 'Rebecca L Edwards', 'Female', '1955-02-23 00:00:00.000000', 'null ', 'null ', 'American', 'null ', 'null ', 'null ', 'null ', 'null ', 'null ', 'null ', 'Yes', 'null ', 1162),
('a1163', 'Taufik Ahmad', 'Male', '1955-02-24 00:00:00.000000', 'null ', 'null ', 'Indonesian', 'null ', 'null ', 'null ', 'null ', 'null ', 'null ', 'null ', 'No', 'null ', 1163),
('a1164', 'Tjai Shong Tjie', 'Male', '1955-02-25 00:00:00.000000', 'null ', 'null ', 'Indonesian', 'null ', 'null ', 'null ', 'null ', 'null ', 'null ', 'null ', 'No', 'null ', 1164),
('a1165', 'Gouw Giok Swan', 'Female', '1955-02-26 00:00:00.000000', 'null ', 'null ', 'Indonesian', 'null ', 'null ', 'null ', 'null ', 'null ', 'null ', 'null ', 'Yes', 'null ', 1165),
('a1166', 'Vinsen Martheo', 'Male', '1955-02-27 00:00:00.000000', 'null ', 'null ', 'Indonesian', 'null ', 'null ', 'null ', 'null ', 'null ', 'null ', 'null ', 'No', 'null ', 1166),
('a1167', 'Violison Martheo', 'Male', '1955-02-28 00:00:00.000000', 'null ', 'null ', 'Indonesian', 'null ', 'null ', 'null ', 'null ', 'null ', 'null ', 'null ', 'No', 'null ', 1167),
('a1168', 'Richard Capone', 'Male', '1955-03-01 00:00:00.000000', 'null ', 'null ', 'American', 'null ', 'null ', 'null ', 'null ', 'null ', 'null ', 'null ', 'Yes', 'null ', 1168),
('a1169', 'Gandung Pujo Purnomo', 'Male', '1955-03-02 00:00:00.000000', 'null ', 'null ', 'Indonesian', 'null ', 'null ', 'null ', 'null ', 'null ', 'null ', 'null ', 'No', 'null ', 1169),
('a117', 'O & G Centre', 'null', '1955-03-03 00:00:00.000000', 'null ', 'null ', 'null', 'null ', 'null ', 'null ', 'null ', 'null ', 'null ', 'null ', 'null', 'null ', 117),
('a1170', 'Gandung Pujo Purnomo', 'Male', '1955-03-04 00:00:00.000000', 'null ', 'null ', 'Indonesian', 'null ', 'null ', 'null ', 'null ', 'null ', 'null ', 'null ', 'No', 'null ', 1170),
('a1171', 'Jones Emrys Daniel Blakelee', 'Male', '1955-03-05 00:00:00.000000', 'null ', 'null ', 'null', 'null ', 'null ', 'null ', 'null ', 'null ', 'null ', 'null ', 'No', 'null ', 1171),
('a1172', 'Jerram Donald William', 'Male', '1955-03-06 00:00:00.000000', 'null ', 'null ', 'Australian', 'null ', 'null ', 'null ', 'null ', 'null ', 'null ', 'null ', 'null', 'null ', 1172),
('a1173', 'Seccombe James Henry Philip', 'Male', '1955-03-07 00:00:00.000000', 'null ', 'null ', 'Australian', 'null ', 'null ', 'null ', 'null ', 'null ', 'null ', 'null ', 'null', 'null ', 1173),
('a1174', 'Jeane Marie Garcia Davis', 'null', '1955-03-08 00:00:00.000000', 'null ', 'null ', 'null', 'null ', 'null ', 'null ', 'null ', 'null ', 'null ', 'null ', 'null', 'null ', 1174),
('a1175', 'Gandung Pujo Purnomo', 'Male', '1955-03-09 00:00:00.000000', 'null ', 'null ', 'Indonesian', 'null ', 'null ', 'null ', 'null ', 'null ', 'null ', 'null ', 'No', 'null ', 1175),
('a1176', 'SRI HANDAYANI', 'Female', '1955-03-10 00:00:00.000000', 'null ', 'null ', 'Indonesian', 'null ', 'null ', 'null ', 'null ', 'null ', 'null ', 'null ', 'No', 'null ', 1176),
('a1177', 'Temu Leksono Widodo', 'Male', '1955-03-11 00:00:00.000000', 'null ', 'null ', 'Indonesian', 'null ', 'null ', 'null ', 'null ', 'null ', 'null ', 'null ', 'No', 'null ', 1177),
('a1178', 'FMC Technologies Singapore Pte Ltd', 'null', '1955-03-12 00:00:00.000000', 'null ', 'null ', 'null', 'null ', 'null ', 'null ', 'null ', 'null ', 'null ', 'null ', 'null', 'null ', 1178),
('a1179', 'Celina Prema Citro', 'Female', '1955-03-13 00:00:00.000000', 'null ', 'null ', 'Indonesian', 'null ', 'null ', 'null ', 'null ', 'null ', 'null ', 'null ', 'Yes', 'null ', 1179),
('a118', 'Martin Kuratli', 'Male', '1955-03-14 00:00:00.000000', 'null ', 'null ', 'null', 'null ', 'null ', 'null ', 'null ', 'null ', 'null ', 'null ', 'No', 'null ', 118),
('a1180', 'Veronica Gunawan Koh', 'Female', '1955-03-15 00:00:00.000000', 'null ', 'null ', 'Indonesian', 'null ', 'null ', 'null ', 'null ', 'null ', 'null ', 'null ', 'Yes', 'null ', 1180),
('a1181', 'Cadence Kyrie Sanusi', 'null', '1955-03-16 00:00:00.000000', 'null ', 'null ', 'Indonesian', 'null ', 'null ', 'null ', 'null ', 'null ', 'null ', 'null ', 'Yes', 'null ', 1181),
('a1182', 'Vivien Cheng Seng Yee', 'Female', '1955-03-17 00:00:00.000000', 'null ', 'null ', 'null', 'null ', 'null ', 'null ', 'null ', 'null ', 'null ', 'null ', 'Yes', 'null ', 1182),
('a1183', 'Marcell Anggatama', 'null', '1955-03-18 00:00:00.000000', 'null ', 'null ', 'null', 'null ', 'null ', 'null ', 'null ', 'null ', 'null ', 'null ', 'null', 'null ', 1183),
('a1184', 'Marcella Anggatama', 'null', '1955-03-19 00:00:00.000000', 'null ', 'null ', 'null', 'null ', 'null ', 'null ', 'null ', 'null ', 'null ', 'null ', 'null', 'null ', 1184),
('a1185', 'Hariya Albertus', 'Male', '1955-03-20 00:00:00.000000', 'null ', 'null ', 'Indonesian', 'null ', 'null ', 'null ', 'null ', 'null ', 'null ', 'null ', 'No', 'null ', 1185),
('a1186', 'Hariya Albertus', 'Male', '1955-03-21 00:00:00.000000', 'null ', 'null ', 'Indonesian', 'null ', 'null ', 'null ', 'null ', 'null ', 'null ', 'null ', 'No', 'null ', 1186),
('a1187', 'Hariya Albertus', 'Male', '1955-03-22 00:00:00.000000', 'null ', 'null ', 'Indonesian', 'null ', 'null ', 'null ', 'null ', 'null ', 'null ', 'null ', 'No', 'null ', 1187),
('a1188', 'Mathew Bion', 'Male', '1955-03-23 00:00:00.000000', 'null ', 'null ', 'German', 'null ', 'null ', 'null ', 'null ', 'null ', 'null ', 'null ', 'No', 'null ', 1188),
('a1189', 'Benedict Denzel Haryanto', 'Male', '1955-03-24 00:00:00.000000', 'null ', 'null ', 'Indonesian', 'null ', 'null ', 'null ', 'null ', 'null ', 'null ', 'null ', 'Yes', 'null ', 1189),
('a119', 'Hiek Naiy', 'null', '1955-03-25 00:00:00.000000', 'null ', 'null ', 'Cambodian', 'null ', 'null ', 'null ', 'null ', 'null ', 'null ', 'null ', 'No', 'null ', 119),
('a1190', 'Surya Wonotirto', 'Male', '1955-03-26 00:00:00.000000', 'null ', 'null ', 'Indonesian', 'null ', 'null ', 'null ', 'null ', 'null ', 'null ', 'null ', 'Yes', 'null ', 1190),
('a1191', 'Liem Po Tjo', 'Male', '1955-03-27 00:00:00.000000', 'null ', 'null ', 'Indonesian', 'null ', 'null ', 'null ', 'null ', 'null ', 'null ', 'null ', 'No', 'null ', 1191),
('a1192', 'CHHAY LIMHEANG', 'null', '1955-03-28 00:00:00.000000', 'null ', 'null ', 'Cambodian', 'null ', 'null ', 'null ', 'null ', 'null ', 'null ', 'null ', 'No', 'null ', 1192),
('a1193', 'Richelle Charisse Chow', 'Female', '1955-03-29 00:00:00.000000', 'null ', 'null ', 'Indonesian', 'null ', 'null ', 'null ', 'null ', 'null ', 'null ', 'null ', 'No', 'null ', 1193),
('a1194', 'Craig Winnett', 'Male', '1955-03-30 00:00:00.000000', 'null ', 'null ', 'null', 'null ', 'null ', 'null ', 'null ', 'null ', 'null ', 'null ', 'No', 'null ', 1194),
('a1195', 'Maureem Victoria Tarunadjaja', 'null', '1955-03-31 00:00:00.000000', 'null ', 'null ', 'null', 'null ', 'null ', 'null ', 'null ', 'null ', 'null ', 'null ', 'null', 'null ', 1195),
('a1196', 'Grand Copthorne Waterfront Hotel', 'null', '1955-04-01 00:00:00.000000', 'null ', 'null ', 'null', 'null ', 'null ', 'null ', 'null ', 'null ', 'null ', 'null ', 'null', 'null ', 1196),
('a1197', 'NIZAR SAIFUDIN HALIM', 'Male', '1955-04-02 00:00:00.000000', 'null ', 'null ', 'Indonesian', 'null ', 'null ', 'null ', 'null ', 'null ', 'null ', 'null ', 'No', 'null ', 1197),
('a1198', 'Samantha Jocelyn Wijaya', 'Female', '1955-04-03 00:00:00.000000', 'null ', 'null ', 'Indonesian', 'null ', 'null ', 'null ', 'null ', 'null ', 'null ', 'null ', 'null', 'null ', 1198),
('a1199', 'Ms. Samantha Jocelyn Wijaya', 'null', '1955-04-04 00:00:00.000000', 'null ', 'null ', 'null', 'null ', 'null ', 'null ', 'null ', 'null ', 'null ', 'null ', 'null', 'null ', 1199),
('a12', 'Edward Newbold', 'Male', '1955-04-05 00:00:00.000000', 'null ', 'null ', 'Australian', 'null ', 'null ', 'null ', 'null ', 'null ', 'null ', 'null ', 'No', 'null ', 12),
('a120', 'KIM DEBRA FAIRBAIRN', 'Female', '1955-04-06 00:00:00.000000', 'null ', 'null ', 'Australian', 'null ', 'null ', 'null ', 'null ', 'null ', 'null ', 'null ', 'No', 'null ', 120),
('a1200', 'NURIASARI', 'Female', '1955-04-07 00:00:00.000000', 'null ', 'null ', 'null', 'null ', 'null ', 'null ', 'null ', 'null ', 'null ', 'null ', 'Yes', 'null ', 1200),
('a1201', 'PT Taman Kemang Raya', 'null', '1955-04-08 00:00:00.000000', 'null ', 'null ', 'null', 'null ', 'null ', 'null ', 'null ', 'null ', 'null ', 'null ', 'null', 'null ', 1201),
('a1202', 'Foo San Kan', 'Male', '1955-04-09 00:00:00.000000', 'null ', 'null ', 'Malaysian', 'null ', 'null ', 'null ', 'null ', 'null ', 'null ', 'null ', 'Yes', 'null ', 1202),
('a1203', 'Foo San Kan', 'Male', '1955-04-10 00:00:00.000000', 'null ', 'null ', 'Malaysian', 'null ', 'null ', 'null ', 'null ', 'null ', 'null ', 'null ', 'No', 'null ', 1203),
('a1204', 'Vivien Cheng Seng Yee', 'Female', '1955-04-11 00:00:00.000000', 'null ', 'null ', 'null', 'null ', 'null ', 'null ', 'null ', 'null ', 'null ', 'null ', 'Yes', 'null ', 1204),
('a1205', 'SUNIL GOBIND BHOJWANI', 'null', '1955-04-12 00:00:00.000000', 'null ', 'null ', 'Indonesian', 'null ', 'null ', 'null ', 'null ', 'null ', 'null ', 'null ', 'null', 'null ', 1205),
('a1206', 'Jozsef Micski', 'Male', '1955-04-13 00:00:00.000000', 'null ', 'null ', 'Swiss', 'null ', 'null ', 'null ', 'null ', 'null ', 'null ', 'null ', 'null', 'null ', 1206),
('a1207', 'Surya Wonotirto', 'Male', '1955-04-14 00:00:00.000000', 'null ', 'null ', 'Indonesian', 'null ', 'null ', 'null ', 'null ', 'null ', 'null ', 'null ', 'Yes', 'null ', 1207),
('a1208', 'Tony John Djohan', 'Male', '1955-04-15 00:00:00.000000', 'null ', 'null ', 'Indonesian', 'null ', 'null ', 'null ', 'null ', 'null ', 'null ', 'null ', 'No', 'null ', 1208),
('a1209', 'Ardian Hendarto', 'Male', '1955-04-16 00:00:00.000000', 'null ', 'null ', 'Indonesian', 'null ', 'null ', 'null ', 'null ', 'null ', 'null ', 'null ', 'No', 'null ', 1209),
('a121', 'Wawan Darmawan', 'Male', '1955-04-17 00:00:00.000000', 'null ', 'null ', 'Indonesian', 'null ', 'null ', 'null ', 'null ', 'null ', 'null ', 'null ', 'Yes', 'null ', 121),
('a1210', 'Murli Mahesh Chandumal Mirpuri', 'Male', '1955-04-18 00:00:00.000000', 'null ', 'null ', 'Indonesian', 'null ', 'null ', 'null ', 'null ', 'null ', 'null ', 'null ', 'No', 'null ', 1210),
('a1211', 'Paula Miller', 'Female', '1955-04-19 00:00:00.000000', 'null ', 'null ', 'null', 'null ', 'null ', 'null ', 'null ', 'null ', 'null ', 'null ', 'Yes', 'null ', 1211),
('a1212', 'John Kleinhenz', 'Male', '1955-04-20 00:00:00.000000', 'null ', 'null ', 'American', 'null ', 'null ', 'null ', 'null ', 'null ', 'null ', 'null ', 'Yes', 'null ', 1212),
('a1213', 'Leni', 'Female', '1955-04-21 00:00:00.000000', 'null ', 'null ', 'Indonesian', 'null ', 'null ', 'null ', 'null ', 'null ', 'null ', 'null ', 'No', 'null ', 1213),
('a1214', 'Dedy Purnomo Oeij', 'Male', '1955-04-22 00:00:00.000000', 'null ', 'null ', 'Indonesian', 'null ', 'null ', 'null ', 'null ', 'null ', 'null ', 'null ', 'No', 'null ', 1214),
('a1215', 'AMINDA BESTARI', 'Female', '1955-04-23 00:00:00.000000', 'null ', 'null ', 'Indonesian', 'null ', 'null ', 'null ', 'null ', 'null ', 'null ', 'null ', 'null', 'null ', 1215),
('a1216', 'ANINDA BESTARI', 'null', '1955-04-24 00:00:00.000000', 'null ', 'null ', 'null', 'null ', 'null ', 'null ', 'null ', 'null ', 'null ', 'null ', 'null', 'null ', 1216),
('a1217', 'Yoseph Ariel Noerdjaya', 'Male', '1955-04-25 00:00:00.000000', 'null ', 'null ', 'Indonesian', 'null ', 'null ', 'null ', 'null ', 'null ', 'null ', 'null ', 'No', 'null ', 1217),
('a1218', 'Gitta Rakhmaningrum', 'Female', '1955-04-26 00:00:00.000000', 'null ', 'null ', 'Indonesian', 'null ', 'null ', 'null ', 'null ', 'null ', 'null ', 'null ', 'No', 'null ', 1218),
('a1219', 'Giovani Valencia', 'Female', '1955-04-27 00:00:00.000000', 'null ', 'null ', 'Indonesian', 'null ', 'null ', 'null ', 'null ', 'null ', 'null ', 'null ', 'Yes', 'null ', 1219),
('a122', 'A. ANNEKE DEN DULK VOS', 'Female', '1955-04-28 00:00:00.000000', 'null ', 'null ', 'Dutch', 'null ', 'null ', 'null ', 'null ', 'null ', 'null ', 'null ', 'No', 'null ', 122),
('a1220', 'Giovani Valencia', 'Female', '1955-04-29 00:00:00.000000', 'null ', 'null ', 'Indonesian', 'null ', 'null ', 'null ', 'null ', 'null ', 'null ', 'null ', 'No', 'null ', 1220),
('a1221', 'Ignasius Sago', 'Male', '1955-04-30 00:00:00.000000', 'null ', 'null ', 'Indonesian', 'null ', 'null ', 'null ', 'null ', 'null ', 'null ', 'null ', 'No', 'null ', 1221),
('a1222', 'Gregory Clark', 'Male', '1955-05-01 00:00:00.000000', 'null ', 'null ', 'American', 'null ', 'null ', 'null ', 'null ', 'null ', 'null ', 'null ', 'Yes', 'null ', 1222),
('a1223', 'PT Manaaged Pressure Operations', 'null', '1955-05-02 00:00:00.000000', 'null ', 'null ', 'null', 'null ', 'null ', 'null ', 'null ', 'null ', 'null ', 'null ', 'null', 'null ', 1223),
('F1299823102', 'Client Tester 1', 'Male', '1982-04-20 00:00:00.000000', 'undefined', 'undefined', 'Chinese', 'China', '', '[object Object]', '', 'undefined', '', 'undefined', NULL, 'undefined', 3),
('G1234456g', 'SeanClient', 'Male', '1990-10-01 00:00:00.000000', NULL, NULL, 'Indo', NULL, NULL, NULL, NULL, NULL, NULL, NULL, NULL, NULL, 3),
('qwewqewqeqw', 'SeanClient1', 'Female', '1991-09-24 00:00:00.000000', NULL, NULL, 'none', NULL, NULL, NULL, NULL, NULL, NULL, NULL, NULL, NULL, NULL);

-- --------------------------------------------------------

--
-- Table structure for table `clinic`
--

CREATE TABLE `clinic` (
  `clinicName` varchar(45) NOT NULL,
  `Address` varchar(255) DEFAULT NULL
) ENGINE=InnoDB DEFAULT CHARSET=latin1;

--
-- Dumping data for table `clinic`
--

INSERT INTO `clinic` (`clinicName`, `Address`) VALUES
('clinicName', 'Address'),
('Farrer Park Hospital', 'Null'),
('Gleneagles', 'Null'),
('Gleneagles Hospital', 'Null'),
('Mount Alvernia Hospital', 'Null'),
('Mount Elizabeth Novena Hospital', 'Null'),
('Mount Elizabeth Orchard Hospital', 'Null'),
('Mt Alvernia', 'Null'),
('Mt Elizabeth Orchard', 'Null'),
('National University Hospital', 'Null'),
('ntu', 'ntu'),
('smu', 'smu');

-- --------------------------------------------------------

--
-- Table structure for table `consultation`
--

CREATE TABLE `consultation` (
  `C_ID` int(11) NOT NULL,
  `passportNumber` varchar(45) NOT NULL,
  `doctorName` varchar(45) DEFAULT NULL,
  `dateTime` datetime(6) NOT NULL
) ENGINE=InnoDB DEFAULT CHARSET=latin1;

--
-- Dumping data for table `consultation`
--

INSERT INTO `consultation` (`C_ID`, `passportNumber`, `doctorName`, `dateTime`) VALUES
(1, 'S123qwe', 'doctorSean', '2016-10-05 00:00:00.000000'),
(5, 'S123qwe', 'doctorSean', '2016-10-05 00:00:00.000000'),
(6, 'a2', 'Phuah Huan Kee', '2016-10-08 00:00:00.000000'),
(7, 'a3', 'Ng Puay Yong', '2016-10-09 00:00:00.000000'),
(8, 'a4', 'null', '2016-10-10 00:00:00.000000'),
(9, 'a5', 'Paul Chia Min Wee', '2016-10-11 00:00:00.000000'),
(10, 'a6', 'null', '2016-10-12 00:00:00.000000'),
(11, 'a7', 'null', '2016-10-13 00:00:00.000000'),
(12, 'a8', 'Leo Kah Woon', '2016-10-14 00:00:00.000000'),
(13, 'a9', 'null', '2016-10-15 00:00:00.000000'),
(14, 'a10', 'null', '2016-10-16 00:00:00.000000'),
(15, 'a11', 'Andrew Quoc Dutton', '2016-10-17 00:00:00.000000'),
(16, 'a12', 'Adrian Saurajen Siew Ming', '2016-10-18 00:00:00.000000'),
(17, 'a13', 'Lim Hong Liang', '2016-10-19 00:00:00.000000'),
(18, 'a14', 'Pillay Premkumar', '2016-10-20 00:00:00.000000'),
(19, 'a15', 'Chin Chong Min', '2016-10-21 00:00:00.000000'),
(20, 'a16', 'Elaine Chee Wen Ling', '2016-10-22 00:00:00.000000'),
(21, 'a17', 'Andrew Quoc Dutton', '2016-10-23 00:00:00.000000'),
(22, 'a18', 'Lim Tai Tian', '2016-10-24 00:00:00.000000'),
(23, 'a19', 'Ngian Kite Seng', '2016-10-25 00:00:00.000000'),
(24, 'a20', 'Esther Chuwa Wee Lee', '2016-10-26 00:00:00.000000'),
(25, 'a21', 'Dede Selamat Sutedja', '2016-10-27 00:00:00.000000'),
(26, 'a22', 'Luman Widjaja', '2016-10-28 00:00:00.000000'),
(27, 'a23', 'Ngoi Sing Shang', '2016-10-29 00:00:00.000000'),
(28, 'a24', 'Wee Siew Bock', '2016-10-30 00:00:00.000000'),
(29, 'a25', 'Esther Fu Raw Yueh', '2016-10-31 00:00:00.000000'),
(30, 'a26', 'Philip Eng Cher Tiew', '2016-11-01 00:00:00.000000'),
(31, 'a27', 'null', '2016-11-02 00:00:00.000000'),
(32, 'a28', 'null', '2016-11-03 00:00:00.000000'),
(33, 'a29', 'null', '2016-11-04 00:00:00.000000'),
(34, 'a30', 'null', '2016-11-05 00:00:00.000000'),
(35, 'a31', 'null', '2016-11-06 00:00:00.000000'),
(36, 'a32', 'null', '2016-11-07 00:00:00.000000'),
(37, 'a33', 'Kevin Tan Eng Kiat', '2016-11-08 00:00:00.000000'),
(38, 'a34', 'null', '2016-11-09 00:00:00.000000'),
(39, 'a35', 'null', '2016-11-10 00:00:00.000000'),
(40, 'a36', 'null', '2016-11-11 00:00:00.000000'),
(41, 'a37', 'null', '2016-11-12 00:00:00.000000'),
(42, 'a38', 'null', '2016-11-13 00:00:00.000000'),
(43, 'a39', 'null', '2016-11-14 00:00:00.000000'),
(44, 'a40', 'null', '2016-11-15 00:00:00.000000'),
(45, 'a41', 'null', '2016-11-16 00:00:00.000000'),
(46, 'a42', 'Chew Chuan Tieh', '2016-11-17 00:00:00.000000'),
(47, 'a43', 'Chew Chuan Tieh', '2016-11-18 00:00:00.000000'),
(48, 'a44', 'Lye Wai Choong', '2016-11-19 00:00:00.000000'),
(49, 'a45', 'Tan Eng Choon', '2016-11-20 00:00:00.000000'),
(50, 'a46', 'null', '2016-11-21 00:00:00.000000'),
(51, 'a47', 'null', '2016-11-22 00:00:00.000000'),
(52, 'a48', 'Wong Yue Shuen', '2016-11-23 00:00:00.000000'),
(53, 'a49', 'Lee Kim En', '2016-11-24 00:00:00.000000'),
(54, 'a50', 'Andrew Quoc Dutton', '2016-11-25 00:00:00.000000'),
(55, 'a51', 'null', '2016-11-26 00:00:00.000000'),
(56, 'a52', 'Lam Mun San', '2016-11-27 00:00:00.000000'),
(57, 'a53', 'null', '2016-11-28 00:00:00.000000'),
(58, 'a54', 'null', '2016-11-29 00:00:00.000000'),
(59, 'a55', 'null', '2016-11-30 00:00:00.000000'),
(60, 'a56', 'null', '2016-12-01 00:00:00.000000'),
(61, 'a57', 'null', '2016-12-02 00:00:00.000000'),
(62, 'a58', 'Khin Khin Win', '2016-12-03 00:00:00.000000'),
(63, 'a59', 'null', '2016-12-04 00:00:00.000000'),
(64, 'a60', 'null', '2016-12-05 00:00:00.000000'),
(65, 'a61', 'null', '2016-12-06 00:00:00.000000'),
(66, 'a62', 'null', '2016-12-07 00:00:00.000000'),
(67, 'a63', 'null', '2016-12-08 00:00:00.000000'),
(68, 'a64', 'null', '2016-12-09 00:00:00.000000'),
(69, 'a65', 'null', '2016-12-10 00:00:00.000000'),
(70, 'a66', 'null', '2016-12-11 00:00:00.000000'),
(71, 'a67', 'null', '2016-12-12 00:00:00.000000'),
(72, 'a68', 'null', '2016-12-13 00:00:00.000000'),
(73, 'a69', 'null', '2016-12-14 00:00:00.000000'),
(74, 'a70', 'null', '2016-12-15 00:00:00.000000'),
(75, 'a71', 'null', '2016-12-16 00:00:00.000000'),
(76, 'a72', 'null', '2016-12-17 00:00:00.000000'),
(77, 'a73', 'null', '2016-12-18 00:00:00.000000'),
(78, 'a74', 'null', '2016-12-19 00:00:00.000000'),
(79, 'a75', 'null', '2016-12-20 00:00:00.000000'),
(80, 'a76', 'null', '2016-12-21 00:00:00.000000'),
(81, 'a77', 'null', '2016-12-22 00:00:00.000000'),
(82, 'a78', 'null', '2016-12-23 00:00:00.000000'),
(83, 'a79', 'Chuang Hsuan-Hung', '2016-12-24 00:00:00.000000'),
(84, 'a80', 'null', '2016-12-25 00:00:00.000000'),
(85, 'a81', 'Kelvin Thia Teck Joo', '2016-12-26 00:00:00.000000'),
(86, 'a82', 'Chua Soo Yong', '2016-12-27 00:00:00.000000'),
(87, 'a83', 'Eu Kong Weng', '2016-12-28 00:00:00.000000'),
(88, 'a84', 'Ngoi Sing Shang', '2016-12-29 00:00:00.000000'),
(89, 'a85', 'null', '2016-12-30 00:00:00.000000'),
(90, 'a86', 'null', '2016-12-31 00:00:00.000000'),
(91, 'a87', 'null', '2017-01-01 00:00:00.000000'),
(92, 'a88', 'Lye Wai Choong', '2017-01-02 00:00:00.000000'),
(93, 'a89', 'null', '2017-01-03 00:00:00.000000'),
(94, 'a90', 'null', '2017-01-04 00:00:00.000000'),
(95, 'a91', 'null', '2017-01-05 00:00:00.000000'),
(96, 'a92', 'null', '2017-01-06 00:00:00.000000'),
(97, 'a93', 'Andrew Quoc Dutton', '2017-01-07 00:00:00.000000'),
(98, 'a94', 'null', '2017-01-08 00:00:00.000000'),
(99, 'a95', 'null', '2017-01-09 00:00:00.000000'),
(100, 'a96', 'null', '2017-01-10 00:00:00.000000'),
(101, 'a97', 'Kelvin Thia Teck Joo', '2017-01-11 00:00:00.000000'),
(102, 'a98', 'Ng Wai Lin', '2017-01-12 00:00:00.000000'),
(103, 'a99', 'null', '2017-01-13 00:00:00.000000'),
(104, 'a100', 'null', '2017-01-14 00:00:00.000000'),
(105, 'a101', 'null', '2017-01-15 00:00:00.000000'),
(106, 'a102', 'Timothy Lee Kam-Yiu', '2017-01-16 00:00:00.000000'),
(107, 'a103', 'Lee Kang Hoe', '2017-01-17 00:00:00.000000'),
(108, 'a104', 'Brian Lee Pheng Hui', '2017-01-18 00:00:00.000000'),
(109, 'a105', 'null', '2017-01-19 00:00:00.000000'),
(110, 'a106', 'null', '2017-01-20 00:00:00.000000'),
(111, 'a107', 'Eu Kong Weng', '2017-01-21 00:00:00.000000'),
(112, 'a108', 'null', '2017-01-22 00:00:00.000000'),
(113, 'a109', 'null', '2017-01-23 00:00:00.000000'),
(114, 'a110', 'null', '2017-01-24 00:00:00.000000'),
(115, 'a111', 'Chan Tiong Beng', '2017-01-25 00:00:00.000000'),
(116, 'a112', 'null', '2017-01-26 00:00:00.000000'),
(117, 'a113', 'null', '2017-01-27 00:00:00.000000'),
(118, 'a114', 'Lee Kang Hoe', '2017-01-28 00:00:00.000000'),
(119, 'a115', 'Paul Chiam Toon Lim', '2017-01-29 00:00:00.000000'),
(120, 'a116', 'null', '2017-01-30 00:00:00.000000'),
(121, 'a117', 'null', '2017-01-31 00:00:00.000000'),
(122, 'a118', 'Kanwaljit Soin', '2017-02-01 00:00:00.000000'),
(123, 'a119', 'Kelvin Thia Teck Joo', '2017-02-02 00:00:00.000000'),
(124, 'a120', 'Stanley Chia', '2017-02-03 00:00:00.000000'),
(125, 'a121', 'Timothy Lee Kam-Yiu', '2017-02-04 00:00:00.000000'),
(126, 'a122', 'Ho Ching Lin', '2017-02-05 00:00:00.000000'),
(127, 'a123', 'null', '2017-02-06 00:00:00.000000'),
(128, 'a124', 'null', '2017-02-07 00:00:00.000000'),
(129, 'a125', 'null', '2017-02-08 00:00:00.000000'),
(130, 'a126', 'null', '2017-02-09 00:00:00.000000'),
(131, 'a127', 'null', '2017-02-10 00:00:00.000000'),
(132, 'a128', 'null', '2017-02-11 00:00:00.000000'),
(133, 'a129', 'null', '2017-02-12 00:00:00.000000'),
(134, 'a130', 'null', '2017-02-13 00:00:00.000000'),
(135, 'a131', 'null', '2017-02-14 00:00:00.000000'),
(136, 'a132', 'null', '2017-02-15 00:00:00.000000'),
(137, 'a133', 'null', '2017-02-16 00:00:00.000000'),
(138, 'a134', 'null', '2017-02-17 00:00:00.000000'),
(139, 'a135', 'null', '2017-02-18 00:00:00.000000'),
(140, 'a136', 'null', '2017-02-19 00:00:00.000000'),
(141, 'a137', 'null', '2017-02-20 00:00:00.000000'),
(142, 'a138', 'null', '2017-02-21 00:00:00.000000'),
(143, 'a139', 'null', '2017-02-22 00:00:00.000000'),
(144, 'a140', 'null', '2017-02-23 00:00:00.000000'),
(145, 'a141', 'null', '2017-02-24 00:00:00.000000'),
(146, 'a142', 'null', '2017-02-25 00:00:00.000000'),
(147, 'a143', 'null', '2017-02-26 00:00:00.000000'),
(148, 'a144', 'null', '2017-02-27 00:00:00.000000'),
(149, 'a145', 'null', '2017-02-28 00:00:00.000000'),
(150, 'a146', 'null', '2017-03-01 00:00:00.000000'),
(151, 'a147', 'null', '2017-03-02 00:00:00.000000'),
(152, 'a148', 'null', '2017-03-03 00:00:00.000000'),
(153, 'a149', 'null', '2017-03-04 00:00:00.000000'),
(154, 'a150', 'null', '2017-03-05 00:00:00.000000'),
(155, 'a151', 'null', '2017-03-06 00:00:00.000000'),
(156, 'a152', 'null', '2017-03-07 00:00:00.000000'),
(157, 'a153', 'null', '2017-03-08 00:00:00.000000'),
(158, 'a154', 'null', '2017-03-09 00:00:00.000000'),
(159, 'a155', 'null', '2017-03-10 00:00:00.000000'),
(160, 'a156', 'null', '2017-03-11 00:00:00.000000'),
(161, 'a157', 'null', '2017-03-12 00:00:00.000000'),
(162, 'a158', 'null', '2017-03-13 00:00:00.000000'),
(163, 'a159', 'null', '2017-03-14 00:00:00.000000'),
(164, 'a160', 'null', '2017-03-15 00:00:00.000000'),
(165, 'a161', 'null', '2017-03-16 00:00:00.000000'),
(166, 'a162', 'null', '2017-03-17 00:00:00.000000'),
(167, 'a163', 'null', '2017-03-18 00:00:00.000000'),
(168, 'a164', 'null', '2017-03-19 00:00:00.000000'),
(169, 'a165', 'null', '2017-03-20 00:00:00.000000'),
(170, 'a166', 'null', '2017-03-21 00:00:00.000000'),
(171, 'a167', 'null', '2017-03-22 00:00:00.000000'),
(172, 'a168', 'null', '2017-03-23 00:00:00.000000'),
(173, 'a169', 'null', '2017-03-24 00:00:00.000000'),
(174, 'a170', 'null', '2017-03-25 00:00:00.000000'),
(175, 'a171', 'null', '2017-03-26 00:00:00.000000'),
(176, 'a172', 'null', '2017-03-27 00:00:00.000000'),
(177, 'a173', 'null', '2017-03-28 00:00:00.000000'),
(178, 'a174', 'null', '2017-03-29 00:00:00.000000'),
(179, 'a175', 'null', '2017-03-30 00:00:00.000000'),
(180, 'a176', 'null', '2017-03-31 00:00:00.000000'),
(181, 'a177', 'null', '2017-04-01 00:00:00.000000'),
(182, 'a178', 'null', '2017-04-02 00:00:00.000000'),
(183, 'a179', 'null', '2017-04-03 00:00:00.000000'),
(184, 'a180', 'null', '2017-04-04 00:00:00.000000'),
(185, 'a181', 'null', '2017-04-05 00:00:00.000000'),
(186, 'a182', 'null', '2017-04-06 00:00:00.000000'),
(187, 'a183', 'null', '2017-04-07 00:00:00.000000'),
(188, 'a184', 'null', '2017-04-08 00:00:00.000000'),
(189, 'a185', 'null', '2017-04-09 00:00:00.000000'),
(190, 'a186', 'null', '2017-04-10 00:00:00.000000'),
(191, 'a187', 'null', '2017-04-11 00:00:00.000000'),
(192, 'a188', 'null', '2017-04-12 00:00:00.000000'),
(193, 'a189', 'null', '2017-04-13 00:00:00.000000'),
(194, 'a190', 'null', '2017-04-14 00:00:00.000000'),
(195, 'a191', 'null', '2017-04-15 00:00:00.000000'),
(196, 'a192', 'null', '2017-04-16 00:00:00.000000'),
(197, 'a193', 'null', '2017-04-17 00:00:00.000000'),
(198, 'a194', 'null', '2017-04-18 00:00:00.000000'),
(199, 'a195', 'null', '2017-04-19 00:00:00.000000'),
(200, 'a196', 'null', '2017-04-20 00:00:00.000000'),
(201, 'a197', 'null', '2017-04-21 00:00:00.000000'),
(202, 'a198', 'null', '2017-04-22 00:00:00.000000'),
(203, 'a199', 'null', '2017-04-23 00:00:00.000000'),
(204, 'a200', 'null', '2017-04-24 00:00:00.000000'),
(205, 'a201', 'null', '2017-04-25 00:00:00.000000'),
(206, 'a202', 'null', '2017-04-26 00:00:00.000000'),
(207, 'a203', 'null', '2017-04-27 00:00:00.000000'),
(208, 'a204', 'null', '2017-04-28 00:00:00.000000'),
(209, 'a205', 'null', '2017-04-29 00:00:00.000000'),
(210, 'a206', 'null', '2017-04-30 00:00:00.000000'),
(211, 'a207', 'null', '2017-05-01 00:00:00.000000'),
(212, 'a208', 'null', '2017-05-02 00:00:00.000000'),
(213, 'a209', 'null', '2017-05-03 00:00:00.000000'),
(214, 'a210', 'null', '2017-05-04 00:00:00.000000'),
(215, 'a211', 'null', '2017-05-05 00:00:00.000000'),
(216, 'a212', 'null', '2017-05-06 00:00:00.000000'),
(217, 'a213', 'null', '2017-05-07 00:00:00.000000'),
(218, 'a214', 'null', '2017-05-08 00:00:00.000000'),
(219, 'a215', 'null', '2017-05-09 00:00:00.000000'),
(220, 'a216', 'null', '2017-05-10 00:00:00.000000'),
(221, 'a217', 'null', '2017-05-11 00:00:00.000000'),
(222, 'a218', 'null', '2017-05-12 00:00:00.000000'),
(223, 'a219', 'null', '2017-05-13 00:00:00.000000'),
(224, 'a220', 'null', '2017-05-14 00:00:00.000000'),
(225, 'a221', 'null', '2017-05-15 00:00:00.000000'),
(226, 'a222', 'null', '2017-05-16 00:00:00.000000'),
(227, 'a223', 'null', '2017-05-17 00:00:00.000000'),
(228, 'a224', 'null', '2017-05-18 00:00:00.000000'),
(229, 'a225', 'null', '2017-05-19 00:00:00.000000'),
(230, 'a226', 'null', '2017-05-20 00:00:00.000000'),
(231, 'a227', 'null', '2017-05-21 00:00:00.000000'),
(232, 'a228', 'null', '2017-05-22 00:00:00.000000'),
(233, 'a229', 'null', '2017-05-23 00:00:00.000000'),
(234, 'a230', 'null', '2017-05-24 00:00:00.000000'),
(235, 'a231', 'null', '2017-05-25 00:00:00.000000'),
(236, 'a232', 'null', '2017-05-26 00:00:00.000000'),
(237, 'a233', 'null', '2017-05-27 00:00:00.000000'),
(238, 'a234', 'null', '2017-05-28 00:00:00.000000'),
(239, 'a235', 'null', '2017-05-29 00:00:00.000000'),
(240, 'a236', 'null', '2017-05-30 00:00:00.000000'),
(241, 'a237', 'null', '2017-05-31 00:00:00.000000'),
(242, 'a238', 'null', '2017-06-01 00:00:00.000000'),
(243, 'a239', 'null', '2017-06-02 00:00:00.000000'),
(244, 'a240', 'null', '2017-06-03 00:00:00.000000'),
(245, 'a241', 'null', '2017-06-04 00:00:00.000000'),
(246, 'a242', 'null', '2017-06-05 00:00:00.000000'),
(247, 'a243', 'null', '2017-06-06 00:00:00.000000'),
(248, 'a244', 'null', '2017-06-07 00:00:00.000000'),
(249, 'a245', 'Kong Hwai Loong', '2017-06-08 00:00:00.000000'),
(250, 'a246', 'Pauline Cheong Yeem Yoong', '2017-06-09 00:00:00.000000'),
(251, 'a247', 'null', '2017-06-10 00:00:00.000000'),
(252, 'a248', 'Yeoh Swee Choo', '2017-06-11 00:00:00.000000'),
(253, 'a249', 'Leong Hoe Nam', '2017-06-12 00:00:00.000000'),
(254, 'a250', 'null', '2017-06-13 00:00:00.000000'),
(255, 'a251', 'null', '2017-06-14 00:00:00.000000'),
(256, 'a252', 'null', '2017-06-15 00:00:00.000000'),
(257, 'a253', 'null', '2017-06-16 00:00:00.000000'),
(258, 'a254', 'null', '2017-06-17 00:00:00.000000'),
(259, 'a255', 'null', '2017-06-18 00:00:00.000000'),
(260, 'a256', 'null', '2017-06-19 00:00:00.000000'),
(261, 'a257', 'null', '2017-06-20 00:00:00.000000'),
(262, 'a258', 'null', '2017-06-21 00:00:00.000000'),
(263, 'a259', 'null', '2017-06-22 00:00:00.000000'),
(264, 'a260', 'null', '2017-06-23 00:00:00.000000'),
(265, 'a261', 'null', '2017-06-24 00:00:00.000000'),
(266, 'a262', 'null', '2017-06-25 00:00:00.000000'),
(267, 'a263', 'null', '2017-06-26 00:00:00.000000'),
(268, 'a264', 'null', '2017-06-27 00:00:00.000000'),
(269, 'a265', 'null', '2017-06-28 00:00:00.000000'),
(270, 'a266', 'null', '2017-06-29 00:00:00.000000'),
(271, 'a267', 'null', '2017-06-30 00:00:00.000000'),
(272, 'a268', 'null', '2017-07-01 00:00:00.000000'),
(273, 'a269', 'null', '2017-07-02 00:00:00.000000'),
(274, 'a270', 'null', '2017-07-03 00:00:00.000000'),
(275, 'a271', 'null', '2017-07-04 00:00:00.000000'),
(276, 'a272', 'null', '2017-07-05 00:00:00.000000'),
(277, 'a273', 'null', '2017-07-06 00:00:00.000000'),
(278, 'a274', 'null', '2017-07-07 00:00:00.000000'),
(279, 'a275', 'null', '2017-07-08 00:00:00.000000'),
(280, 'a276', 'null', '2017-07-09 00:00:00.000000'),
(281, 'a277', 'null', '2017-07-10 00:00:00.000000'),
(282, 'a278', 'null', '2017-07-11 00:00:00.000000'),
(283, 'a279', 'null', '2017-07-12 00:00:00.000000'),
(284, 'a280', 'null', '2017-07-13 00:00:00.000000'),
(285, 'a281', 'null', '2017-07-14 00:00:00.000000'),
(286, 'a282', 'null', '2017-07-15 00:00:00.000000'),
(287, 'a283', 'null', '2017-07-16 00:00:00.000000'),
(288, 'a284', 'null', '2017-07-17 00:00:00.000000'),
(289, 'a285', 'null', '2017-07-18 00:00:00.000000'),
(290, 'a286', 'null', '2017-07-19 00:00:00.000000'),
(291, 'a287', 'null', '2017-07-20 00:00:00.000000'),
(292, 'a288', 'null', '2017-07-21 00:00:00.000000'),
(293, 'a289', 'null', '2017-07-22 00:00:00.000000'),
(294, 'a290', 'null', '2017-07-23 00:00:00.000000'),
(295, 'a291', 'null', '2017-07-24 00:00:00.000000'),
(296, 'a292', 'null', '2017-07-25 00:00:00.000000'),
(297, 'a293', 'null', '2017-07-26 00:00:00.000000'),
(298, 'a294', 'null', '2017-07-27 00:00:00.000000'),
(299, 'a295', 'null', '2017-07-28 00:00:00.000000'),
(300, 'a296', 'null', '2017-07-29 00:00:00.000000'),
(301, 'a297', 'null', '2017-07-30 00:00:00.000000'),
(302, 'a298', 'null', '2017-07-31 00:00:00.000000'),
(303, 'a299', 'null', '2017-08-01 00:00:00.000000'),
(304, 'a300', 'null', '2017-08-02 00:00:00.000000'),
(305, 'a301', 'null', '2017-08-03 00:00:00.000000'),
(306, 'a302', 'null', '2017-08-04 00:00:00.000000'),
(307, 'a303', 'null', '2017-08-05 00:00:00.000000'),
(308, 'a304', 'null', '2017-08-06 00:00:00.000000'),
(309, 'a305', 'null', '2017-08-07 00:00:00.000000'),
(310, 'a306', 'null', '2017-08-08 00:00:00.000000'),
(311, 'a307', 'null', '2017-08-09 00:00:00.000000'),
(312, 'a308', 'null', '2017-08-10 00:00:00.000000'),
(313, 'a309', 'null', '2017-08-11 00:00:00.000000'),
(314, 'a310', 'null', '2017-08-12 00:00:00.000000'),
(315, 'a311', 'null', '2017-08-13 00:00:00.000000'),
(316, 'a312', 'null', '2017-08-14 00:00:00.000000'),
(317, 'a313', 'null', '2017-08-15 00:00:00.000000'),
(318, 'a314', 'null', '2017-08-16 00:00:00.000000'),
(319, 'a315', 'null', '2017-08-17 00:00:00.000000'),
(320, 'a316', 'null', '2017-08-18 00:00:00.000000'),
(321, 'a317', 'null', '2017-08-19 00:00:00.000000'),
(322, 'a318', 'null', '2017-08-20 00:00:00.000000'),
(323, 'a319', 'null', '2017-08-21 00:00:00.000000'),
(324, 'a320', 'null', '2017-08-22 00:00:00.000000'),
(325, 'a321', 'null', '2017-08-23 00:00:00.000000'),
(326, 'a322', 'null', '2017-08-24 00:00:00.000000'),
(327, 'a323', 'null', '2017-08-25 00:00:00.000000'),
(328, 'a324', 'null', '2017-08-26 00:00:00.000000'),
(329, 'a325', 'null', '2017-08-27 00:00:00.000000'),
(330, 'a326', 'null', '2017-08-28 00:00:00.000000'),
(331, 'a327', 'null', '2017-08-29 00:00:00.000000'),
(332, 'a328', 'null', '2017-08-30 00:00:00.000000'),
(333, 'a329', 'null', '2017-08-31 00:00:00.000000'),
(334, 'a330', 'null', '2017-09-01 00:00:00.000000'),
(335, 'a331', 'null', '2017-09-02 00:00:00.000000'),
(336, 'a332', 'Chan Kong Hon', '2017-09-03 00:00:00.000000'),
(337, 'a333', 'Charles Tan Tse Kuang', '2017-09-04 00:00:00.000000'),
(338, 'a334', 'Seah Chee Seng', '2017-09-05 00:00:00.000000'),
(339, 'a335', 'Dean Koh Chi Siong', '2017-09-06 00:00:00.000000'),
(340, 'a336', 'null', '2017-09-07 00:00:00.000000'),
(341, 'a337', 'null', '2017-09-08 00:00:00.000000'),
(342, 'a338', 'null', '2017-09-09 00:00:00.000000'),
(343, 'a339', 'null', '2017-09-10 00:00:00.000000'),
(344, 'a340', 'null', '2017-09-11 00:00:00.000000'),
(345, 'a341', 'null', '2017-09-12 00:00:00.000000'),
(346, 'a342', 'null', '2017-09-13 00:00:00.000000'),
(347, 'a343', 'Ann Tan Sian Ann', '2017-09-14 00:00:00.000000'),
(348, 'a344', 'null', '2017-09-15 00:00:00.000000'),
(349, 'a345', 'Timothy Lee Kam-Yiu', '2017-09-16 00:00:00.000000'),
(350, 'a346', 'Wee Siew Bock', '2017-09-17 00:00:00.000000'),
(351, 'a347', 'Tang Kok Foo', '2017-09-18 00:00:00.000000'),
(352, 'a348', 'null', '2017-09-19 00:00:00.000000'),
(353, 'a349', 'Melvin Tan Eng Hock', '2017-09-20 00:00:00.000000'),
(354, 'a350', 'Chew Soo Ping', '2017-09-21 00:00:00.000000'),
(355, 'a351', 'Lee Kim Shang', '2017-09-22 00:00:00.000000'),
(356, 'a352', 'Lim Hong Liang', '2017-09-23 00:00:00.000000'),
(357, 'a353', 'null', '2017-09-24 00:00:00.000000'),
(358, 'a354', 'null', '2017-09-25 00:00:00.000000'),
(359, 'a355', 'null', '2017-09-26 00:00:00.000000'),
(360, 'a356', 'null', '2017-09-27 00:00:00.000000'),
(361, 'a357', 'Lim Li Ling', '2017-09-28 00:00:00.000000'),
(362, 'a358', 'null', '2017-09-29 00:00:00.000000'),
(363, 'a359', 'null', '2017-09-30 00:00:00.000000'),
(364, 'a360', 'null', '2017-10-01 00:00:00.000000'),
(365, 'a361', 'null', '2017-10-02 00:00:00.000000'),
(366, 'a362', 'null', '2017-10-03 00:00:00.000000'),
(367, 'a363', 'null', '2017-10-04 00:00:00.000000'),
(368, 'a364', 'null', '2017-10-05 00:00:00.000000'),
(369, 'a365', 'null', '2017-10-06 00:00:00.000000'),
(370, 'a366', 'null', '2017-10-07 00:00:00.000000'),
(371, 'a367', 'null', '2017-10-08 00:00:00.000000'),
(372, 'a368', 'null', '2017-10-09 00:00:00.000000'),
(373, 'a369', 'null', '2017-10-10 00:00:00.000000'),
(374, 'a370', 'null', '2017-10-11 00:00:00.000000'),
(375, 'a371', 'null', '2017-10-12 00:00:00.000000'),
(376, 'a372', 'null', '2017-10-13 00:00:00.000000'),
(377, 'a373', 'null', '2017-10-14 00:00:00.000000'),
(378, 'a374', 'Timothy Lee Kam-Yiu', '2017-10-15 00:00:00.000000'),
(379, 'a375', 'Brenda Low Wen Yong', '2017-10-16 00:00:00.000000'),
(380, 'a376', 'Phuah Huan Kee', '2017-10-17 00:00:00.000000'),
(381, 'a377', 'Chan Hsiang Sui', '2017-10-18 00:00:00.000000'),
(382, 'a378', 'null', '2017-10-19 00:00:00.000000'),
(383, 'a379', 'null', '2017-10-20 00:00:00.000000'),
(384, 'a380', 'null', '2017-10-21 00:00:00.000000'),
(385, 'a381', 'null', '2017-10-22 00:00:00.000000'),
(386, 'a382', 'null', '2017-10-23 00:00:00.000000'),
(387, 'a383', 'null', '2017-10-24 00:00:00.000000'),
(388, 'a384', 'null', '2017-10-25 00:00:00.000000'),
(389, 'a385', 'Chan Hsiang Sui', '2017-10-26 00:00:00.000000'),
(390, 'a386', 'Thomas Loh Kwok Seng', '2017-10-27 00:00:00.000000'),
(391, 'a387', 'null', '2017-10-28 00:00:00.000000'),
(392, 'a388', 'Luman Widjaja', '2017-10-29 00:00:00.000000'),
(393, 'a389', 'null', '2017-10-30 00:00:00.000000'),
(394, 'a390', 'null', '2017-10-31 00:00:00.000000'),
(395, 'a391', 'Mathew Cheng', '2017-11-01 00:00:00.000000'),
(396, 'a392', 'Reginald Liew Kay Choon', '2017-11-02 00:00:00.000000'),
(397, 'a393', 'Leong Hoe Nam', '2017-11-03 00:00:00.000000'),
(398, 'a394', 'James Lee Chong Hwa', '2017-11-04 00:00:00.000000'),
(399, 'a395', 'Elaine Chee Wen Ling', '2017-11-05 00:00:00.000000'),
(400, 'a396', 'null', '2017-11-06 00:00:00.000000'),
(401, 'a397', 'Ho Ching Lin', '2017-11-07 00:00:00.000000'),
(402, 'a398', 'null', '2017-11-08 00:00:00.000000'),
(403, 'a399', 'null', '2017-11-09 00:00:00.000000'),
(404, 'a400', 'null', '2017-11-10 00:00:00.000000'),
(405, 'a401', 'null', '2017-11-11 00:00:00.000000'),
(406, 'a402', 'null', '2017-11-12 00:00:00.000000'),
(407, 'a403', 'null', '2017-11-13 00:00:00.000000'),
(408, 'a404', 'null', '2017-11-14 00:00:00.000000'),
(409, 'a405', 'null', '2017-11-15 00:00:00.000000'),
(410, 'a406', 'null', '2017-11-16 00:00:00.000000'),
(411, 'a407', 'Chan Kong Hon', '2017-11-17 00:00:00.000000'),
(412, 'a408', 'Philip Eng Cher Tiew', '2017-11-18 00:00:00.000000'),
(413, 'a409', 'Lim Yeong Phang', '2017-11-19 00:00:00.000000'),
(414, 'a410', 'Desmond Wai Chun Tao', '2017-11-20 00:00:00.000000'),
(415, 'a411', 'Andrew Quoc Dutton', '2017-11-21 00:00:00.000000'),
(416, 'a412', 'Luman Widjaja', '2017-11-22 00:00:00.000000'),
(417, 'a413', 'null', '2017-11-23 00:00:00.000000'),
(418, 'a414', 'Gerald Tan Yau Min', '2017-11-24 00:00:00.000000'),
(419, 'a415', 'null', '2017-11-25 00:00:00.000000'),
(420, 'a416', 'null', '2017-11-26 00:00:00.000000'),
(421, 'a417', 'null', '2017-11-27 00:00:00.000000'),
(422, 'a418', 'null', '2017-11-28 00:00:00.000000'),
(423, 'a419', 'null', '2017-11-29 00:00:00.000000'),
(424, 'a420', 'null', '2017-11-30 00:00:00.000000'),
(425, 'a421', 'Yeoh Swee Choo', '2017-12-01 00:00:00.000000'),
(426, 'a422', 'Philip Koh Siam Soon', '2017-12-02 00:00:00.000000'),
(427, 'a423', 'Tan Eng Choon', '2017-12-03 00:00:00.000000'),
(428, 'a424', 'Charles Tan Tse Kuang', '2017-12-04 00:00:00.000000'),
(429, 'a425', 'null', '2017-12-05 00:00:00.000000'),
(430, 'a426', 'Lee Chee Wei', '2017-12-06 00:00:00.000000'),
(431, 'a427', 'Tay Khoon Hean', '2017-12-07 00:00:00.000000'),
(432, 'a428', 'Tan Chai Beng', '2017-12-08 00:00:00.000000'),
(433, 'a429', 'Tan Jee Lim', '2017-12-09 00:00:00.000000'),
(434, 'a430', 'null', '2017-12-10 00:00:00.000000'),
(435, 'a431', 'null', '2017-12-11 00:00:00.000000'),
(436, 'a432', 'null', '2017-12-12 00:00:00.000000'),
(437, 'a433', 'Philip Eng Cher Tiew', '2017-12-13 00:00:00.000000'),
(438, 'a434', 'Lee Kang Hoe', '2017-12-14 00:00:00.000000'),
(439, 'a435', 'Andrew Quoc Dutton', '2017-12-15 00:00:00.000000'),
(440, 'a436', 'null', '2017-12-16 00:00:00.000000'),
(441, 'a437', 'Ann Tan Sian Ann', '2017-12-17 00:00:00.000000'),
(442, 'a438', 'Sam Peh Oon Hui', '2017-12-18 00:00:00.000000'),
(443, 'a439', 'null', '2017-12-19 00:00:00.000000'),
(444, 'a440', 'null', '2017-12-20 00:00:00.000000'),
(445, 'a441', 'null', '2017-12-21 00:00:00.000000'),
(446, 'a442', 'null', '2017-12-22 00:00:00.000000'),
(447, 'a443', 'null', '2017-12-23 00:00:00.000000'),
(448, 'a444', 'null', '2017-12-24 00:00:00.000000'),
(449, 'a445', 'null', '2017-12-25 00:00:00.000000'),
(450, 'a446', 'null', '2017-12-26 00:00:00.000000'),
(451, 'a447', 'null', '2017-12-27 00:00:00.000000'),
(452, 'a448', 'null', '2017-12-28 00:00:00.000000'),
(453, 'a449', 'null', '2017-12-29 00:00:00.000000'),
(454, 'a450', 'null', '2017-12-30 00:00:00.000000'),
(455, 'a451', 'null', '2017-12-31 00:00:00.000000'),
(456, 'a452', 'null', '2018-01-01 00:00:00.000000'),
(457, 'a453', 'null', '2018-01-02 00:00:00.000000'),
(458, 'a454', 'null', '2018-01-03 00:00:00.000000'),
(459, 'a455', 'Kelvin Thia Teck Joo', '2018-01-04 00:00:00.000000'),
(460, 'a456', 'null', '2018-01-05 00:00:00.000000'),
(461, 'a457', 'Esther Chuwa Wee Lee', '2018-01-06 00:00:00.000000'),
(462, 'a458', 'Phuah Huan Kee', '2018-01-07 00:00:00.000000'),
(463, 'a459', 'Yeo Chor Tzien', '2018-01-08 00:00:00.000000'),
(464, 'a460', 'Ho Gay Hui', '2018-01-09 00:00:00.000000'),
(465, 'a461', 'Asok Kurup', '2018-01-10 00:00:00.000000'),
(466, 'a462', 'Roger Tan Choon Hian', '2018-01-11 00:00:00.000000'),
(467, 'a463', 'null', '2018-01-12 00:00:00.000000'),
(468, 'a464', 'Ooi Boon Swee', '2018-01-13 00:00:00.000000'),
(469, 'a465', 'James Tan Khiaw Ngiap', '2018-01-14 00:00:00.000000'),
(470, 'a466', 'Hsieh Wen Son', '2018-01-15 00:00:00.000000'),
(471, 'a467', 'Chee Jing Jye', '2018-01-16 00:00:00.000000'),
(472, 'a468', 'Desmond Wai Chun Tao', '2018-01-17 00:00:00.000000'),
(473, 'a469', 'Chan Hsiang Sui', '2018-01-18 00:00:00.000000'),
(474, 'a470', 'null', '2018-01-19 00:00:00.000000'),
(475, 'a471', 'null', '2018-01-20 00:00:00.000000'),
(476, 'a472', 'null', '2018-01-21 00:00:00.000000'),
(477, 'a473', 'null', '2018-01-22 00:00:00.000000'),
(478, 'a474', 'null', '2018-01-23 00:00:00.000000'),
(479, 'a475', 'null', '2018-01-24 00:00:00.000000'),
(480, 'a476', 'null', '2018-01-25 00:00:00.000000'),
(481, 'a477', 'null', '2018-01-26 00:00:00.000000'),
(482, 'a478', 'Desmond Wai Chun Tao', '2018-01-27 00:00:00.000000'),
(483, 'a479', 'null', '2018-01-28 00:00:00.000000'),
(484, 'a480', 'Hsieh Wen Son', '2018-01-29 00:00:00.000000'),
(485, 'a481', 'null', '2018-01-30 00:00:00.000000'),
(486, 'a482', 'Lam Mun San', '2018-01-31 00:00:00.000000'),
(487, 'a483', 'Teo Wee Siong', '2018-02-01 00:00:00.000000'),
(488, 'a484', 'null', '2018-02-02 00:00:00.000000'),
(489, 'a485', 'null', '2018-02-03 00:00:00.000000'),
(490, 'a486', 'null', '2018-02-04 00:00:00.000000'),
(491, 'a487', 'null', '2018-02-05 00:00:00.000000'),
(492, 'a488', 'null', '2018-02-06 00:00:00.000000'),
(493, 'a489', 'null', '2018-02-07 00:00:00.000000'),
(494, 'a490', 'null', '2018-02-08 00:00:00.000000'),
(495, 'a491', 'null', '2018-02-09 00:00:00.000000'),
(496, 'a492', 'null', '2018-02-10 00:00:00.000000'),
(497, 'a493', 'null', '2018-02-11 00:00:00.000000'),
(498, 'a494', 'null', '2018-02-12 00:00:00.000000'),
(499, 'a495', 'null', '2018-02-13 00:00:00.000000'),
(500, 'a496', 'null', '2018-02-14 00:00:00.000000'),
(501, 'a497', 'null', '2018-02-15 00:00:00.000000'),
(502, 'a498', 'null', '2018-02-16 00:00:00.000000'),
(503, 'a499', 'null', '2018-02-17 00:00:00.000000'),
(504, 'a500', 'Brenda Low Wen Yong', '2018-02-18 00:00:00.000000'),
(505, 'a501', 'Timothy Lee Kam-Yiu', '2018-02-19 00:00:00.000000'),
(506, 'a502', 'Lye Wai Choong', '2018-02-20 00:00:00.000000'),
(507, 'a503', 'Timothy Lee Kam-Yiu', '2018-02-21 00:00:00.000000'),
(508, 'a504', 'Lo Ngai Nung', '2018-02-22 00:00:00.000000'),
(509, 'a505', 'Tang Kok Foo', '2018-02-23 00:00:00.000000'),
(510, 'a506', 'null', '2018-02-24 00:00:00.000000'),
(511, 'a507', 'null', '2018-02-25 00:00:00.000000'),
(512, 'a508', 'Tham Kok Fun', '2018-02-26 00:00:00.000000'),
(513, 'a509', 'null', '2018-02-27 00:00:00.000000'),
(514, 'a510', 'Timothy Lee Kam-Yiu', '2018-02-28 00:00:00.000000'),
(515, 'a511', 'Koh Wei Howe', '2018-03-01 00:00:00.000000'),
(516, 'a512', 'Desmond Wai Chun Tao', '2018-03-02 00:00:00.000000'),
(517, 'a513', 'null', '2018-03-03 00:00:00.000000'),
(518, 'a514', 'Kelvin Thia Teck Joo', '2018-03-04 00:00:00.000000'),
(519, 'a515', 'Desmond Wai Chun Tao', '2018-03-05 00:00:00.000000'),
(520, 'a516', 'null', '2018-03-06 00:00:00.000000'),
(521, 'a517', 'null', '2018-03-07 00:00:00.000000'),
(522, 'a518', 'null', '2018-03-08 00:00:00.000000'),
(523, 'a519', 'null', '2018-03-09 00:00:00.000000'),
(524, 'a520', 'null', '2018-03-10 00:00:00.000000'),
(525, 'a521', 'null', '2018-03-11 00:00:00.000000'),
(526, 'a522', 'null', '2018-03-12 00:00:00.000000'),
(527, 'a523', 'null', '2018-03-13 00:00:00.000000'),
(528, 'a524', 'null', '2018-03-14 00:00:00.000000'),
(529, 'a525', 'null', '2018-03-15 00:00:00.000000'),
(530, 'a526', 'null', '2018-03-16 00:00:00.000000'),
(531, 'a527', 'null', '2018-03-17 00:00:00.000000'),
(532, 'a528', 'null', '2018-03-18 00:00:00.000000'),
(533, 'a529', 'null', '2018-03-19 00:00:00.000000'),
(534, 'a530', 'Yung Shing Wai', '2018-03-20 00:00:00.000000'),
(535, 'a531', 'Toh Choon Lai', '2018-03-21 00:00:00.000000'),
(536, 'a532', 'Jimmy Beng Kian Siew', '2018-03-22 00:00:00.000000'),
(537, 'a533', 'Andrew Quoc Dutton', '2018-03-23 00:00:00.000000'),
(538, 'a534', 'Chan Hsiang Sui', '2018-03-24 00:00:00.000000'),
(539, 'a535', 'Li Yung Hua', '2018-03-25 00:00:00.000000'),
(540, 'a536', 'Eu Kong Weng', '2018-03-26 00:00:00.000000'),
(541, 'a537', 'null', '2018-03-27 00:00:00.000000'),
(542, 'a538', 'null', '2018-03-28 00:00:00.000000'),
(543, 'a539', 'null', '2018-03-29 00:00:00.000000'),
(544, 'a540', 'null', '2018-03-30 00:00:00.000000'),
(545, 'a541', 'Ngian Kite Seng', '2018-03-31 00:00:00.000000'),
(546, 'a542', 'null', '2018-04-01 00:00:00.000000'),
(547, 'a543', 'David Choy Kim Seng', '2018-04-02 00:00:00.000000'),
(548, 'a544', 'Li Yung Hua', '2018-04-03 00:00:00.000000'),
(549, 'a545', 'Teoh Tiong Ann', '2018-04-04 00:00:00.000000'),
(550, 'a546', 'Ann Tan Sian Ann', '2018-04-05 00:00:00.000000'),
(551, 'a547', 'Tan Kian Teo', '2018-04-06 00:00:00.000000'),
(552, 'a548', 'null', '2018-04-07 00:00:00.000000'),
(553, 'a549', 'null', '2018-04-08 00:00:00.000000'),
(554, 'a550', 'null', '2018-04-09 00:00:00.000000'),
(555, 'a551', 'null', '2018-04-10 00:00:00.000000'),
(556, 'a552', 'null', '2018-04-11 00:00:00.000000'),
(557, 'a553', 'Leong Hoe Nam', '2018-04-12 00:00:00.000000'),
(558, 'a554', 'null', '2018-04-13 00:00:00.000000'),
(559, 'a555', 'null', '2018-04-14 00:00:00.000000'),
(560, 'a556', 'null', '2018-04-15 00:00:00.000000'),
(561, 'a557', 'null', '2018-04-16 00:00:00.000000'),
(562, 'a558', 'null', '2018-04-17 00:00:00.000000'),
(563, 'a559', 'null', '2018-04-18 00:00:00.000000'),
(564, 'a560', 'Chan Kong Hon', '2018-04-19 00:00:00.000000'),
(565, 'a561', 'Francis Wong Yoke Hae', '2018-04-20 00:00:00.000000'),
(566, 'a562', 'null', '2018-04-21 00:00:00.000000'),
(567, 'a563', 'null', '2018-04-22 00:00:00.000000'),
(568, 'a564', 'Freddy Teo Cheng Peng', '2018-04-23 00:00:00.000000'),
(569, 'a565', 'Lim Yeow Wai', '2018-04-24 00:00:00.000000'),
(570, 'a566', 'Lye Wai Choong', '2018-04-25 00:00:00.000000'),
(571, 'a567', 'null', '2018-04-26 00:00:00.000000'),
(572, 'a568', 'null', '2018-04-27 00:00:00.000000'),
(573, 'a569', 'null', '2018-04-28 00:00:00.000000'),
(574, 'a570', 'null', '2018-04-29 00:00:00.000000'),
(575, 'a571', 'null', '2018-04-30 00:00:00.000000'),
(576, 'a572', 'null', '2018-05-01 00:00:00.000000'),
(577, 'a573', 'null', '2018-05-02 00:00:00.000000'),
(578, 'a574', 'null', '2018-05-03 00:00:00.000000'),
(579, 'a575', 'Lim Lee Guan', '2018-05-04 00:00:00.000000'),
(580, 'a576', 'David Lau Pang Cheng', '2018-05-05 00:00:00.000000'),
(581, 'a577', 'Asok Kurup', '2018-05-06 00:00:00.000000'),
(582, 'a578', 'null', '2018-05-07 00:00:00.000000'),
(583, 'a579', 'null', '2018-05-08 00:00:00.000000'),
(584, 'a580', 'Stephen Teoh Charn Beng', '2018-05-09 00:00:00.000000'),
(585, 'a581', 'Tan Kok Soon', '2018-05-10 00:00:00.000000'),
(586, 'a582', 'null', '2018-05-11 00:00:00.000000'),
(587, 'a583', 'null', '2018-05-12 00:00:00.000000'),
(588, 'a584', 'null', '2018-05-13 00:00:00.000000'),
(589, 'a585', 'null', '2018-05-14 00:00:00.000000'),
(590, 'a586', 'null', '2018-05-15 00:00:00.000000'),
(591, 'a587', 'null', '2018-05-16 00:00:00.000000'),
(592, 'a588', 'null', '2018-05-17 00:00:00.000000'),
(593, 'a589', 'null', '2018-05-18 00:00:00.000000'),
(594, 'a590', 'Roger Tan Choon Hian', '2018-05-19 00:00:00.000000'),
(595, 'a591', 'null', '2018-05-20 00:00:00.000000'),
(596, 'a592', 'null', '2018-05-21 00:00:00.000000'),
(597, 'a593', 'null', '2018-05-22 00:00:00.000000'),
(598, 'a594', 'Philip Eng Cher Tiew', '2018-05-23 00:00:00.000000'),
(599, 'a595', 'Timothy Lee Kam-Yiu', '2018-05-24 00:00:00.000000'),
(600, 'a596', 'null', '2018-05-25 00:00:00.000000'),
(601, 'a597', 'Philip Koh Siam Soon', '2018-05-26 00:00:00.000000'),
(602, 'a598', 'Michael Lim Chun Leng', '2018-05-27 00:00:00.000000'),
(603, 'a599', 'Charles Tan Tse Kuang', '2018-05-28 00:00:00.000000'),
(604, 'a600', 'null', '2018-05-29 00:00:00.000000'),
(605, 'a601', 'Stephen Lee Teck Soong', '2018-05-30 00:00:00.000000'),
(606, 'a602', 'Yang Ching Yu', '2018-05-31 00:00:00.000000'),
(607, 'a603', 'Lim Lee Guan', '2018-06-01 00:00:00.000000'),
(608, 'a604', 'Philip Eng Cher Tiew', '2018-06-02 00:00:00.000000'),
(609, 'a605', 'Lim Yeow Wai', '2018-06-03 00:00:00.000000'),
(610, 'a606', 'Jimmy Beng Kian Siew', '2018-06-04 00:00:00.000000'),
(611, 'a607', 'null', '2018-06-05 00:00:00.000000'),
(612, 'a608', 'null', '2018-06-06 00:00:00.000000'),
(613, 'a609', 'null', '2018-06-07 00:00:00.000000'),
(614, 'a610', 'Wendy Sinnathamby', '2018-06-08 00:00:00.000000'),
(615, 'a611', 'Wong Yue Shuen', '2018-06-09 00:00:00.000000'),
(616, 'a612', 'Chee Jing Jye', '2018-06-10 00:00:00.000000'),
(617, 'a613', 'null', '2018-06-11 00:00:00.000000'),
(618, 'a614', 'Mona Tan Poh Choo', '2018-06-12 00:00:00.000000'),
(619, 'a615', 'null', '2018-06-13 00:00:00.000000'),
(620, 'a616', 'null', '2018-06-14 00:00:00.000000'),
(621, 'a617', 'null', '2018-06-15 00:00:00.000000'),
(622, 'a618', 'null', '2018-06-16 00:00:00.000000'),
(623, 'a619', 'null', '2018-06-17 00:00:00.000000'),
(624, 'a620', 'null', '2018-06-18 00:00:00.000000'),
(625, 'a621', 'null', '2018-06-19 00:00:00.000000'),
(626, 'a622', 'null', '2018-06-20 00:00:00.000000'),
(627, 'a623', 'null', '2018-06-21 00:00:00.000000'),
(628, 'a624', 'null', '2018-06-22 00:00:00.000000'),
(629, 'a625', 'null', '2018-06-23 00:00:00.000000'),
(630, 'a626', 'null', '2018-06-24 00:00:00.000000'),
(631, 'a627', 'null', '2018-06-25 00:00:00.000000'),
(632, 'a628', 'null', '2018-06-26 00:00:00.000000'),
(633, 'a629', 'Teoh Tiong Ann', '2018-06-27 00:00:00.000000'),
(634, 'a630', 'Lisa Chin Yue Kim', '2018-06-28 00:00:00.000000'),
(635, 'a631', 'Stanley Liew Choon Fong', '2018-06-29 00:00:00.000000'),
(636, 'a632', 'Tan Kok Soon', '2018-06-30 00:00:00.000000'),
(637, 'a633', 'Leonard Ang Pek Kiang', '2018-07-01 00:00:00.000000'),
(638, 'a634', 'Leong Keng Hong', '2018-07-02 00:00:00.000000'),
(639, 'a635', 'Ong Sze Guan', '2018-07-03 00:00:00.000000'),
(640, 'a636', 'Ting Hua Sieng', '2018-07-04 00:00:00.000000'),
(641, 'a637', 'Koh Wei Howe', '2018-07-05 00:00:00.000000'),
(642, 'a638', 'Lee Wei Hong', '2018-07-06 00:00:00.000000'),
(643, 'a639', 'Lim Beng Hai', '2018-07-07 00:00:00.000000'),
(644, 'a640', 'null', '2018-07-08 00:00:00.000000'),
(645, 'a641', 'null', '2018-07-09 00:00:00.000000'),
(646, 'a642', 'null', '2018-07-10 00:00:00.000000'),
(647, 'a643', 'null', '2018-07-11 00:00:00.000000'),
(648, 'a644', 'null', '2018-07-12 00:00:00.000000'),
(649, 'a645', 'null', '2018-07-13 00:00:00.000000'),
(650, 'a646', 'null', '2018-07-14 00:00:00.000000'),
(651, 'a647', 'null', '2018-07-15 00:00:00.000000'),
(652, 'a648', 'null', '2018-07-16 00:00:00.000000'),
(653, 'a649', 'null', '2018-07-17 00:00:00.000000'),
(654, 'a650', 'null', '2018-07-18 00:00:00.000000'),
(655, 'a651', 'null', '2018-07-19 00:00:00.000000'),
(656, 'a652', 'null', '2018-07-20 00:00:00.000000'),
(657, 'a653', 'Ngian Kite Seng', '2018-07-21 00:00:00.000000'),
(658, 'a654', 'Chin Chong Min', '2018-07-22 00:00:00.000000'),
(659, 'a655', 'Maurice Choo Hock Heng', '2018-07-23 00:00:00.000000'),
(660, 'a656', 'null', '2018-07-24 00:00:00.000000'),
(661, 'a657', 'Chew Soo Ping', '2018-07-25 00:00:00.000000'),
(662, 'a658', 'null', '2018-07-26 00:00:00.000000'),
(663, 'a659', 'Yap Lip Kee', '2018-07-27 00:00:00.000000'),
(664, 'a660', 'null', '2018-07-28 00:00:00.000000'),
(665, 'a661', 'null', '2018-07-29 00:00:00.000000'),
(666, 'a662', 'Chee Jing Jye', '2018-07-30 00:00:00.000000'),
(667, 'a663', 'Yung Shing Wai', '2018-07-31 00:00:00.000000'),
(668, 'a664', 'Leong Keng Hong', '2018-08-01 00:00:00.000000'),
(669, 'a665', 'null', '2018-08-02 00:00:00.000000'),
(670, 'a666', 'Chia Yee Tien', '2018-08-03 00:00:00.000000'),
(671, 'a667', 'Chee Jing Jye', '2018-08-04 00:00:00.000000'),
(672, 'a668', 'Chee Jing Jye', '2018-08-05 00:00:00.000000'),
(673, 'a669', 'Alvin Ng Choong Meng', '2018-08-06 00:00:00.000000'),
(674, 'a670', 'Paul Chiam Toon Lim', '2018-08-07 00:00:00.000000'),
(675, 'a671', 'Francis Wong Yoke Hae', '2018-08-08 00:00:00.000000'),
(676, 'a672', 'Kevin Tan Eng Kiat', '2018-08-09 00:00:00.000000'),
(677, 'a673', 'Vera Oh Boon Ngee', '2018-08-10 00:00:00.000000'),
(678, 'a674', 'Ann Tan Sian Ann', '2018-08-11 00:00:00.000000'),
(679, 'a675', 'Francis Wong Yoke Hae', '2018-08-12 00:00:00.000000'),
(680, 'a676', 'Lye Wai Choong', '2018-08-13 00:00:00.000000'),
(681, 'a677', 'Paul Chiam Toon Lim', '2018-08-14 00:00:00.000000'),
(682, 'a678', 'Douglas Ong Kheng Ho', '2018-08-15 00:00:00.000000'),
(683, 'a679', 'Eileen Tan', '2018-08-16 00:00:00.000000'),
(684, 'a680', 'null', '2018-08-17 00:00:00.000000'),
(685, 'a681', 'Chia Yee Tien', '2018-08-18 00:00:00.000000'),
(686, 'a682', 'Teoh Tiong Ann', '2018-08-19 00:00:00.000000'),
(687, 'a683', 'Lee Wei Hong', '2018-08-20 00:00:00.000000'),
(688, 'a684', 'Timothy Lee Kam-Yiu', '2018-08-21 00:00:00.000000'),
(689, 'a685', 'null', '2018-08-22 00:00:00.000000'),
(690, 'a686', 'Gerald Tan Yau Min', '2018-08-23 00:00:00.000000'),
(691, 'a687', 'null', '2018-08-24 00:00:00.000000'),
(692, 'a688', 'null', '2018-08-25 00:00:00.000000'),
(693, 'a689', 'null', '2018-08-26 00:00:00.000000'),
(694, 'a690', 'null', '2018-08-27 00:00:00.000000'),
(695, 'a691', 'null', '2018-08-28 00:00:00.000000'),
(696, 'a692', 'null', '2018-08-29 00:00:00.000000'),
(697, 'a693', 'null', '2018-08-30 00:00:00.000000'),
(698, 'a694', 'null', '2018-08-31 00:00:00.000000'),
(699, 'a695', 'null', '2018-09-01 00:00:00.000000'),
(700, 'a696', 'null', '2018-09-02 00:00:00.000000'),
(701, 'a697', 'null', '2018-09-03 00:00:00.000000'),
(702, 'a698', 'null', '2018-09-04 00:00:00.000000'),
(703, 'a699', 'null', '2018-09-05 00:00:00.000000'),
(704, 'a700', 'null', '2018-09-06 00:00:00.000000'),
(705, 'a701', 'null', '2018-09-07 00:00:00.000000'),
(706, 'a702', 'null', '2018-09-08 00:00:00.000000'),
(707, 'a703', 'Chu Hui Ping', '2018-09-09 00:00:00.000000'),
(708, 'a704', 'Leong Keng Hong', '2018-09-10 00:00:00.000000'),
(709, 'a705', 'Ho Siew Hong', '2018-09-11 00:00:00.000000'),
(710, 'a706', 'Adrian Saurajen Siew Ming', '2018-09-12 00:00:00.000000'),
(711, 'a707', 'Tang Kok Foo', '2018-09-13 00:00:00.000000'),
(712, 'a708', 'Dede Selamat Sutedja', '2018-09-14 00:00:00.000000'),
(713, 'a709', 'Reginald Liew Kay Choon', '2018-09-15 00:00:00.000000'),
(714, 'a710', 'null', '2018-09-16 00:00:00.000000'),
(715, 'a711', 'null', '2018-09-17 00:00:00.000000'),
(716, 'a712', 'Tan Chyn Hong', '2018-09-18 00:00:00.000000'),
(717, 'a713', 'null', '2018-09-19 00:00:00.000000'),
(718, 'a714', 'null', '2018-09-20 00:00:00.000000'),
(719, 'a715', 'null', '2018-09-21 00:00:00.000000'),
(720, 'a716', 'null', '2018-09-22 00:00:00.000000'),
(721, 'a717', 'null', '2018-09-23 00:00:00.000000'),
(722, 'a718', 'null', '2018-09-24 00:00:00.000000'),
(723, 'a719', 'null', '2018-09-25 00:00:00.000000'),
(724, 'a720', 'Trevor Holcombe', '2018-09-26 00:00:00.000000'),
(725, 'a721', 'Warren Lee Wei Rhen', '2018-09-27 00:00:00.000000'),
(726, 'a722', 'null', '2018-09-28 00:00:00.000000'),
(727, 'a723', 'Adrian Saurajen Siew Ming', '2018-09-29 00:00:00.000000'),
(728, 'a724', 'Lawrence Khoo', '2018-09-30 00:00:00.000000'),
(729, 'a725', 'null', '2018-10-01 00:00:00.000000'),
(730, 'a726', 'null', '2018-10-02 00:00:00.000000'),
(731, 'a727', 'null', '2018-10-03 00:00:00.000000'),
(732, 'a728', 'Phuah Huan Kee', '2018-10-04 00:00:00.000000'),
(733, 'a729', 'Yang Ching Yu', '2018-10-05 00:00:00.000000'),
(734, 'a730', 'Phuah Huan Kee', '2018-10-06 00:00:00.000000'),
(735, 'a731', 'Tan Yew Ghee', '2018-10-07 00:00:00.000000'),
(736, 'a732', 'Teoh Tiong Ann', '2018-10-08 00:00:00.000000'),
(737, 'a733', 'null', '2018-10-09 00:00:00.000000'),
(738, 'a734', 'null', '2018-10-10 00:00:00.000000'),
(739, 'a735', 'null', '2018-10-11 00:00:00.000000'),
(740, 'a736', 'null', '2018-10-12 00:00:00.000000'),
(741, 'a737', 'null', '2018-10-13 00:00:00.000000'),
(742, 'a738', 'null', '2018-10-14 00:00:00.000000'),
(743, 'a739', 'null', '2018-10-15 00:00:00.000000'),
(744, 'a740', 'null', '2018-10-16 00:00:00.000000'),
(745, 'a741', 'null', '2018-10-17 00:00:00.000000'),
(746, 'a742', 'null', '2018-10-18 00:00:00.000000'),
(747, 'a743', 'null', '2018-10-19 00:00:00.000000'),
(748, 'a744', 'null', '2018-10-20 00:00:00.000000'),
(749, 'a745', 'null', '2018-10-21 00:00:00.000000'),
(750, 'a746', 'null', '2018-10-22 00:00:00.000000'),
(751, 'a747', 'null', '2018-10-23 00:00:00.000000'),
(752, 'a748', 'null', '2018-10-24 00:00:00.000000'),
(753, 'a749', 'Chin Chong Min', '2018-10-25 00:00:00.000000'),
(754, 'a750', 'Roger Tan Choon Hian', '2018-10-26 00:00:00.000000'),
(755, 'a751', 'Lye Wai Choong', '2018-10-27 00:00:00.000000'),
(756, 'a752', 'Hong Ga Sze', '2018-10-28 00:00:00.000000'),
(757, 'a753', 'Leong See Odd', '2018-10-29 00:00:00.000000'),
(758, 'a754', 'Jimmy Beng Kian Siew', '2018-10-30 00:00:00.000000'),
(759, 'a755', 'null', '2018-10-31 00:00:00.000000'),
(760, 'a756', 'null', '2018-11-01 00:00:00.000000'),
(761, 'a757', 'null', '2018-11-02 00:00:00.000000'),
(762, 'a758', 'null', '2018-11-03 00:00:00.000000'),
(763, 'a759', 'null', '2018-11-04 00:00:00.000000'),
(764, 'a760', 'null', '2018-11-05 00:00:00.000000'),
(765, 'a761', 'null', '2018-11-06 00:00:00.000000'),
(766, 'a762', 'null', '2018-11-07 00:00:00.000000'),
(767, 'a763', 'null', '2018-11-08 00:00:00.000000'),
(768, 'a764', 'null', '2018-11-09 00:00:00.000000'),
(769, 'a765', 'Fong Kee Siew', '2018-11-10 00:00:00.000000'),
(770, 'a766', 'Fong Kee Siew', '2018-11-11 00:00:00.000000'),
(771, 'a767', 'Steve Yang Tze Yi', '2018-11-12 00:00:00.000000'),
(772, 'a768', 'Chan Hsiang Sui', '2018-11-13 00:00:00.000000'),
(773, 'a769', 'null', '2018-11-14 00:00:00.000000'),
(774, 'a770', 'Kevin Tan Eng Kiat', '2018-11-15 00:00:00.000000'),
(775, 'a771', 'null', '2018-11-16 00:00:00.000000'),
(776, 'a772', 'null', '2018-11-17 00:00:00.000000'),
(777, 'a773', 'null', '2018-11-18 00:00:00.000000'),
(778, 'a774', 'null', '2018-11-19 00:00:00.000000'),
(779, 'a775', 'null', '2018-11-20 00:00:00.000000'),
(780, 'a776', 'null', '2018-11-21 00:00:00.000000'),
(781, 'a777', 'null', '2018-11-22 00:00:00.000000'),
(782, 'a778', 'null', '2018-11-23 00:00:00.000000'),
(783, 'a779', 'null', '2018-11-24 00:00:00.000000'),
(784, 'a780', 'null', '2018-11-25 00:00:00.000000'),
(785, 'a781', 'null', '2018-11-26 00:00:00.000000'),
(786, 'a782', 'null', '2018-11-27 00:00:00.000000'),
(787, 'a783', 'null', '2018-11-28 00:00:00.000000'),
(788, 'a784', 'Luman Widjaja', '2018-11-29 00:00:00.000000'),
(789, 'a785', 'Dede Selamat Sutedja', '2018-11-30 00:00:00.000000'),
(790, 'a786', 'Ng Puay Yong', '2018-12-01 00:00:00.000000'),
(791, 'a787', 'null', '2018-12-02 00:00:00.000000'),
(792, 'a788', 'null', '2018-12-03 00:00:00.000000'),
(793, 'a789', 'null', '2018-12-04 00:00:00.000000'),
(794, 'a790', 'null', '2018-12-05 00:00:00.000000'),
(795, 'a791', 'null', '2018-12-06 00:00:00.000000'),
(796, 'a792', 'null', '2018-12-07 00:00:00.000000'),
(797, 'a793', 'null', '2018-12-08 00:00:00.000000'),
(798, 'a794', 'null', '2018-12-09 00:00:00.000000'),
(799, 'a795', 'null', '2018-12-10 00:00:00.000000'),
(800, 'a796', 'null', '2018-12-11 00:00:00.000000'),
(801, 'a797', 'null', '2018-12-12 00:00:00.000000'),
(802, 'a798', 'null', '2018-12-13 00:00:00.000000'),
(803, 'a799', 'Ang Peng Tiam', '2018-12-14 00:00:00.000000'),
(804, 'a800', 'null', '2018-12-15 00:00:00.000000'),
(805, 'a801', 'null', '2018-12-16 00:00:00.000000'),
(806, 'a802', 'null', '2018-12-17 00:00:00.000000'),
(807, 'a803', 'null', '2018-12-18 00:00:00.000000'),
(808, 'a804', 'null', '2018-12-19 00:00:00.000000'),
(809, 'a805', 'null', '2018-12-20 00:00:00.000000'),
(810, 'a806', 'null', '2018-12-21 00:00:00.000000'),
(811, 'a807', 'Lim Beng Hai', '2018-12-22 00:00:00.000000'),
(812, 'a808', 'Lee Kang Hoe', '2018-12-23 00:00:00.000000'),
(813, 'a809', 'Agasthian Thirugnanam', '2018-12-24 00:00:00.000000'),
(814, 'a810', 'Tan Ter Chyan', '2018-12-25 00:00:00.000000'),
(815, 'a811', 'Tang Kok Foo', '2018-12-26 00:00:00.000000'),
(816, 'a812', 'Yung Shing Wai', '2018-12-27 00:00:00.000000'),
(817, 'a813', 'null', '2018-12-28 00:00:00.000000'),
(818, 'a814', 'Tham Kok Fun', '2018-12-29 00:00:00.000000'),
(819, 'a815', 'Gwee Kok Ann', '2018-12-30 00:00:00.000000'),
(820, 'a816', 'null', '2018-12-31 00:00:00.000000'),
(821, 'a817', 'Dede Selamat Sutedja', '2019-01-01 00:00:00.000000'),
(822, 'a818', 'Eileen Tan', '2019-01-02 00:00:00.000000'),
(823, 'a819', 'Lim Beng Hai', '2019-01-03 00:00:00.000000'),
(824, 'a820', 'null', '2019-01-04 00:00:00.000000'),
(825, 'a821', 'Chee Jing Jye', '2019-01-05 00:00:00.000000'),
(826, 'a822', 'null', '2019-01-06 00:00:00.000000'),
(827, 'a823', 'Lee Kang Hoe', '2019-01-07 00:00:00.000000'),
(828, 'a824', 'null', '2019-01-08 00:00:00.000000'),
(829, 'a825', 'Leonard Ang Pek Kiang', '2019-01-09 00:00:00.000000'),
(830, 'a826', 'Lye Wai Choong', '2019-01-10 00:00:00.000000'),
(831, 'a827', 'Siow Hua Ming', '2019-01-11 00:00:00.000000'),
(832, 'a828', 'Ang Peng Tiam', '2019-01-12 00:00:00.000000'),
(833, 'a829', 'Lewis Liew Choon How', '2019-01-13 00:00:00.000000'),
(834, 'a830', 'null', '2019-01-14 00:00:00.000000'),
(835, 'a831', 'null', '2019-01-15 00:00:00.000000'),
(836, 'a832', 'null', '2019-01-16 00:00:00.000000'),
(837, 'a833', 'null', '2019-01-17 00:00:00.000000'),
(838, 'a834', 'null', '2019-01-18 00:00:00.000000'),
(839, 'a835', 'null', '2019-01-19 00:00:00.000000'),
(840, 'a836', 'null', '2019-01-20 00:00:00.000000'),
(841, 'a837', 'null', '2019-01-21 00:00:00.000000'),
(842, 'a838', 'null', '2019-01-22 00:00:00.000000'),
(843, 'a839', 'null', '2019-01-23 00:00:00.000000'),
(844, 'a840', 'null', '2019-01-24 00:00:00.000000'),
(845, 'a841', 'Peter Lee Yew Chung', '2019-01-25 00:00:00.000000'),
(846, 'a842', 'null', '2019-01-26 00:00:00.000000'),
(847, 'a843', 'null', '2019-01-27 00:00:00.000000'),
(848, 'a844', 'null', '2019-01-28 00:00:00.000000'),
(849, 'a845', 'null', '2019-01-29 00:00:00.000000'),
(850, 'a846', 'null', '2019-01-30 00:00:00.000000'),
(851, 'a847', 'Jimmy Gordon Lim Tien Wei', '2019-01-31 00:00:00.000000'),
(852, 'a848', 'Philip Eng Cher Tiew', '2019-02-01 00:00:00.000000'),
(853, 'a849', 'null', '2019-02-02 00:00:00.000000'),
(854, 'a850', 'null', '2019-02-03 00:00:00.000000'),
(855, 'a851', 'Wee Siew Bock', '2019-02-04 00:00:00.000000'),
(856, 'a852', 'Lee Kim Shang', '2019-02-05 00:00:00.000000');

-- --------------------------------------------------------

--
-- Table structure for table `doctor`
--

CREATE TABLE `doctor` (
  `doctorName` varchar(45) NOT NULL,
  `speciality` varchar(45) DEFAULT NULL,
  `clinicName` varchar(45) DEFAULT NULL
) ENGINE=InnoDB DEFAULT CHARSET=latin1;

--
-- Dumping data for table `doctor`
--

INSERT INTO `doctor` (`doctorName`, `speciality`, `clinicName`) VALUES
('Adrian Ong Kheng Yeow', 'Medicine - Infectious Diseases', 'null'),
('Adrian Saurajen Siew Ming', 'Surgery - ENT', 'Mount Elizabeth Orchard Hospital'),
('Adrian Tan Keng Yew', 'Medicine - Neurology', 'null'),
('Agasthian Thirugnanam', 'null', 'Mount Elizabeth Orchard Hospital'),
('Alvin Ng Choong Meng', 'Medicine - Endocrinology', 'null'),
('Amitabh Monga', 'Medicine - Internal Med', 'Raffles Hospital'),
('Andrew Loy Heng Chian', 'Surgery - ENT', 'null'),
('Andrew Quoc Dutton', 'Surgery - Orthopaedics', 'Mount Elizabeth Orchard Hospital'),
('Ang Peng Tiam', 'Medicine - Oncology', 'null'),
('Ann Tan Sian Ann', 'Obs & Gynae', 'Mount Elizabeth Orchard Hospital'),
('Asok Kurup', 'Medicine - Infectious Diseases', 'Farrer Park Hospital'),
('Au Eong Kah Guan', 'Surgery - Eye', 'null'),
('Benjamin Chua Soo Yeng', 'Surgery - Vascular', 'null'),
('Benjamin Tow Phak Boon', 'Surgery - Orthopaedics', 'Mount Elizabeth Orchard Hospital'),
('Brenda Low Wen Yong', 'Obs & Gynae', 'null'),
('Brian Lee Pheng Hui', 'Surgery - Orthopaedics', 'null'),
('Chan Beng Kuen', 'Surgery - Orthopaedics', 'null'),
('Chan Choong Chee', 'Medicine - Respiratory', 'null'),
('Chan Hsiang Sui', 'Surgery - General', 'null'),
('Chan Kong Hon', 'Obs & Gynae', 'Gleneagles Hospital'),
('Chan Tiong Beng', 'Medicine - Respiratory', 'Mount Elizabeth Orchard Hospital'),
('Chang Tou Choong', 'Obs & Gynae', 'Thomson Medical Centre'),
('Charles Chan Wah Hak Nien-Shen', 'Medicine - Cardiology', 'Gleneagles Hospital'),
('Charles Lim M P', 'Obs & Gynae', 'null'),
('Charles Tan Tse Kuang', 'Surgery - General', 'null'),
('Charles Tsang Bih Shiou', 'Surgery - General', 'Mount Elizabeth Novena Hospital'),
('Chee Jing Jye', 'Obs & Gynae', 'null'),
('Cheng Jun', 'Medicine - Gastroenterology', 'Mount Elizabeth Orchard Hospital'),
('Chew Chuan Tieh', 'Surgery - ENT', 'null'),
('Chew Shing Chai', 'Obs & Gynae', 'null'),
('Chew Soo Ping', 'Surgery - General', 'Mount Elizabeth Orchard Hospital'),
('Chia Su-Ynn', 'Medicine - Endocrinology', 'null'),
('Chia Yee Tien', 'Obs & Gynae', 'null'),
('Chin Chong Min', 'Surgery - Urology', 'null'),
('Chong Kian Chun', 'Surgery - Orthopaedics', 'Gleneagles Hospital'),
('Chong Piang Ngok', 'Medicine - Neurology', 'null'),
('Chong Yong Yeow', 'Medicine - Rheumatology', 'Raffles Hospital'),
('Choo Wan Ling', 'Obs & Gynae', 'Gleneagles Hospital'),
('Chou Ning', 'Surgery - Neuro', 'null'),
('Christopher Goh Hood Keng', 'Surgery - ENT', 'null'),
('Chu Hui Ping', 'Paediatrics', 'Raffles Hospital'),
('Chua Soo Yong', 'Surgery - Orthopaedics', 'Mount Elizabeth Novena Hospital'),
('Chuang Hsuan-Hung', 'Medicine - Cardiology', 'Mount Elizabeth Orchard Hospital'),
('Chui Chan Hon', 'Paediatrics', 'null'),
('Cindy Pang', 'null', 'Mount Elizabeth Novena Hospital'),
('David Choy Kim Seng', 'Surgery - Neuro', 'Raffles Hospital'),
('David Lau Pang Cheng', 'Surgery - ENT', 'null'),
('Dean Koh Chi Siong', 'Surgery - General', 'Mount Elizabeth Novena Hospital'),
('Dede Selamat Sutedja', 'Medicine - Gastroenterology', 'Gleneagles'),
('Desmond Wai Chun Tao', 'Medicine - Gastroenterology', 'Mount Elizabeth Novena Hospital'),
('doctorName', 'speciality', 'clinicName'),
('doctorNicole', 'qwe', 'ntu'),
('doctorSean', 'doctorSean', 'ntu'),
('doctorTest', 'doctorTest', 'smu'),
('Douglas Ong Kheng Ho', 'Obs & Gynae', 'Mount Elizabeth Orchard Hospital'),
('Eileen Tan', 'Medicine - Dermatology', 'null'),
('Elaine Chee Wen Ling', 'Surgery - Eye', 'null'),
('Eric Teh Chin Huat', 'Surgery - General', 'Raffles Hospital'),
('Ernest Wang', 'Surgery - Neuro', 'Mount Elizabeth Novena Hospital'),
('Esther Chuwa Wee Lee', 'Surgery - Breast', 'Gleneagles'),
('Esther Fu Raw Yueh', 'Surgery - Eye', 'null'),
('Eu Kong Weng', 'Surgery - General', 'Mount Elizabeth Novena Hospital'),
('Eugene Tay', 'Surgery - Eye', 'null'),
('Fong Kee Siew', 'Surgery - Eye', 'null'),
('Francis Wong Yoke Hae', 'Surgery - Orthopaedics', 'Mount Elizabeth Orchard Hospital'),
('Freddy Teo Cheng Peng', 'Medicine - Haematology', 'null'),
('Ganesan Naidu Rajamoney', 'null', 'Gleneagles Hospital'),
('Gerald Tan Yau Min', 'Surgery - Urology', 'Mount Elizabeth Novena Hospital'),
('Gerard Chee Hsien', 'Surgery - ENT', 'null'),
('Goh Boon Kee', 'Medicine - Dermatology', 'null'),
('Goh Yau Hong', 'Surgery - ENT', 'null'),
('Gordon Ku', 'Medicine - Renal', 'Farrer Park Hospital'),
('Gwee Kok Ann', 'Medicine - Gastroenterology', 'Gleneagles Hospital'),
('Harry Fok Wing Sang', 'Surgery - Plastic', 'null'),
('Ho Ching Lin', 'Surgery - Eye', 'null'),
('Ho Gay Hui', 'Surgery - General', 'null'),
('Ho Kee Hang', 'Surgery - Neuro', 'Mount Elizabeth Orchard Hospital'),
('Ho Siew Hong', 'Surgery - Urology', 'null'),
('Hong Ga Sze', 'Surgery - Breast', 'null'),
('Hsieh Wen Son', 'Medicine - Oncology', 'null'),
('Ivan Ng Hua Bak', 'Surgery - Neuro', 'Mount Elizabeth Novena Hospital'),
('James Khoo Chee Min', 'Surgery - Neuro', 'Mount Elizabeth Orchard Hospital'),
('James Lee Chong Hwa', 'Surgery - Orthopaedics', 'Gleneagles Hospital'),
('James Tan Khiaw Ngiap', 'Surgery - Urology', 'Mount Elizabeth Orchard Hospital'),
('Jeffrey Chew Tec Hock', 'Surgery - Orthopaedics', 'Mount Elizabeth Orchard Hospital'),
('Jim Teo Yeow Kwan', 'Medicine - Respiratory', 'null'),
('Jimmy Beng Kian Siew', 'Surgery - Urology', 'Gleneagles Hospital'),
('Jimmy Gordon Lim Tien Wei', 'Medicine - Cardiology', 'Mount Elizabeth Novena Hospital'),
('Jon Goh Kok Yew', 'Surgery - Eye', 'null'),
('Kamal Bose', 'null', 'Raffles Hospital'),
('Kanwaljit Soin', 'Surgery - Orthopaedics', 'Mount Elizabeth Novena Hospital'),
('Karmen Wong Kit Yee', 'Medicine - Oncology', 'null'),
('Kelvin Thia Teck Joo', 'Medicine - Gastroenterology', 'Mount Elizabeth Orchard Hospital'),
('Kenny Ee Teong Tai', 'Paediatrics', 'null'),
('Kevin Tan Eng Kiat', 'Medicine - Endocrinology', 'Mt Elizabeth Orchard'),
('Khin Khin Win', 'Medicine - Oncology', 'Mount Elizabeth Orchard Hospital'),
('Khoo Kei Siong', 'Medicine - Oncology', 'null'),
('Koh Wei Howe', 'Medicine - Rheumatology', 'null'),
('Kong Hwai Loong', 'Medicine - Oncology', 'null'),
('Koo Chee Choong', 'Medicine - Cardiology', 'Gleneagles Hospital'),
('Lai Fon Min', 'Obs & Gynae', 'Gleneagles Hospital'),
('Lam Mun San', 'Medicine - Infectious Diseases', 'Mt Elizabeth Orchard'),
('Lawrence Khoo', 'Medicine - Dermatology', 'null'),
('Lee Chee Wei', 'Surgery - General', 'Mount Elizabeth Orchard Hospital'),
('Lee Chung Horn', 'Medicine - Endocrinology', 'null'),
('Lee Hung Ming', 'Surgery - Eye', 'Gleneagles Hospital'),
('Lee Jong Jian', 'Surgery - Eye', 'Mount Elizabeth Orchard Hospital'),
('Lee Kang Hoe', 'Medicine - Respiratory', 'Gleneagles Hospital'),
('Lee Keen Whye', 'Obs & Gynae', 'Gleneagles Hospital'),
('Lee Kim En', 'Medicine - Neurology', 'Mt Elizabeth Orchard'),
('Lee Kim Shang', 'Radiology', 'null'),
('Lee Wei Hong', 'Obs & Gynae', 'Mount Elizabeth Orchard Hospital'),
('Leo Kah Woon', 'Surgery - Plastic', 'Mount Elizabeth Orchard Hospital'),
('Leo Seo Wei', 'null', 'null'),
('Leonard Ang Pek Kiang', 'Surgery - Eye', 'null'),
('Leonard Koh Kia Hui', 'Medicine - Endocrinology', 'null'),
('Leong Hoe Nam', 'Medicine - Infectious Diseases', 'null'),
('Leong Keng Hong', 'Medicine - Rheumatology', 'null'),
('Leong See Odd', 'Medicine - Renal', 'null'),
('Leslie Leong Chi Sern', 'Surgery - Orthopaedics', 'null'),
('Lewis Liew Choon How', 'Surgery - Urology', 'Gleneagles Hospital'),
('Li Yung Hua', 'Surgery - Orthopaedics', 'Mount Elizabeth Novena Hospital'),
('Liew Woei Kang', 'Paediatrics', 'null'),
('Lim Beng Hai', 'Surgery - Hand', 'Mount Elizabeth Orchard Hospital'),
('Lim Hong Liang', 'Medicine - Oncology', 'null'),
('Lim Lee Guan', 'Medicine - Gastroenterology', 'Raffles Hospital'),
('Lim Li Ling', 'medicine-neurology', 'null'),
('Lim Tai Tian', 'Medicine - Cardiology', 'Mount Elizabeth Orchard Hospital'),
('Lim Teck Beng', 'Obs & Gynae', 'Mount Elizabeth Orchard Hospital'),
('Lim Yeong Phang', 'Surgery - Cardio', 'Mount Elizabeth Novena Hospital'),
('Lim Yeow Wai', 'Surgery - Orthopaedics', 'Mount Elizabeth Orchard Hospital'),
('Lim Zi Yi', 'Medicine - Haematology', 'Mount Elizabeth Novena Hospital'),
('Lisa Chin Yue Kim', 'Obs & Gynae', 'null'),
('Lisa Wong', 'Obs & Gynae', 'null'),
('Lo Ngai Nung', 'Surgery - Orthopaedics', 'null'),
('Loh Boon Kwang', 'Medicine - Ophthalmology', 'Gleneagles Hospital'),
('Loh Seong Feei', 'Obs & Gynae', 'null'),
('Low Sze Chuan', 'Surgery - Breast', 'null'),
('Luman Widjaja', 'Medicine - Gastroenterology', 'Mount Elizabeth Orchard Hospital'),
('Lye Wai Choong', 'Medicine - Renal', 'null'),
('Mathew Cheng', 'Surgery - Orthopaedics', 'Farrer Park Hospital'),
('Maurice Choo Hock Heng', 'Medicine - Cardiology', 'Farrer Park Hospital'),
('Melvin Tan Eng Hock', 'Medicine - Cardiology', 'Mount Elizabeth Novena Hospital'),
('Michael Lim Chun Leng', 'Medicine - Cardiology', 'Mount Elizabeth Novena Hospital'),
('Mona Tan Poh Choo', 'Surgery - Breast', 'Mount Elizabeth Orchard Hospital'),
('Ng Kheng Hong', 'Surgery - General', 'null'),
('Ng Puay Yong', 'Surgery - Neuro', 'null'),
('Ng Tay Meng', 'Medicine - Gastroenterology', 'null'),
('Ng Wai Lin', 'Medicine - Cardiology', 'null'),
('Ngian Kite Seng', 'Surgery - Orthopaedics', 'null'),
('Ngoi Sing Shang', 'Surgery - General', 'Gleneagles Hospital'),
('Nicholas Chua Hai Liang', 'Medicine - Anaesthesiology', 'null'),
('null', 'null', 'null'),
('Ong Kian Chung', 'Medicine - Respiratory', 'null'),
('Ong Sze Guan', 'Surgery - Eye', 'Mount Elizabeth Orchard Hospital'),
('Ooi Boon Swee', 'Surgery - General', 'null'),
('Paul Chia Min Wee', 'Medicine - Dermatology', 'null'),
('Paul Chiam Toon Lim', 'Medicine - Cardiology', 'Mount Elizabeth Novena Hospital'),
('Pauline Cheong Yeem Yoong', 'Surgery - Eye', 'null'),
('Peng Yeong Pin', 'Surgery - Hand', 'null'),
('Peter Chew Chee Tong', 'Obs & Gynae', 'null'),
('Peter Lee Yew Chung', 'Surgery - Orthopaedics', 'Mount Elizabeth Orchard Hospital'),
('Philip Eng Cher Tiew', 'Medicine - Respiratory', 'null'),
('Philip Koh Siam Soon', 'Medicine - Cardiology', 'null'),
('Phuah Huan Kee', 'Paediatrics', 'null'),
('Pillay Premkumar', 'Surgery - Neuro', 'null'),
('Poh Beow Kiong', 'Surgery - Urology', 'null'),
('Raymond Wujanto', 'Surgery - Urology', 'null'),
('Reginald Liew Kay Choon', 'Medicine - Cardiology', 'Gleneagles Hospital'),
('Richard Ng', 'Medicine - Cardiology', 'null'),
('Roger Tan Choon Hian', 'Medicine - Renal', 'Gleneagles Hospital'),
('Rohit Khurana', 'Medicine - Cardiology', 'Gleneagles Hospital'),
('Roland Chong Siong Eng', 'Medicine - Gastroenterology', 'null'),
('Ronald Brett', 'Surgery - ENT', 'null'),
('Ruth Kam Ming Li', 'Medicine - Cardiology', 'null'),
('Sam Peh Oon Hui', 'Surgery - Urology', 'null'),
('Seah Chee Seng', 'Surgery - Plastic', 'null'),
('Selina Chua Poh Kim', 'Obs & Gynae', 'null'),
('Sim Chiang Khi', 'null', 'null'),
('Siow Hua Ming', 'Surgery - Orthopaedics', 'null'),
('Stanley Chia', 'Medicine - Cardiology', 'Mount Elizabeth Orchard Hospital'),
('Stanley Liew Choon Fong', 'Medicine - Endocrinology', 'null'),
('Stephen Lee Teck Soong', 'Surgery - ENT', 'null'),
('Stephen Teoh Charn Beng', 'Surgery - Eye', 'Mount Elizabeth Novena Hospital'),
('Steve Yang Tze Yi', 'Medicine - Respiratory', 'null'),
('Su Jang Wen', 'Surgery - Cardio', 'null'),
('Sue Lo Soo Kien', 'Medicine - Oncology', 'null'),
('Suresh Nair', 'Obs & Gynae', 'Mount Elizabeth Novena Hospital'),
('Tan Chai Beng', 'Medicine - Neurology', 'Gleneagles Hospital'),
('Tan Chong Tien', 'Surgery - Orthopaedics', 'null'),
('Tan Chyn Hong', 'Surgery - Orthopaedics', 'Mount Elizabeth Orchard Hospital'),
('Tan Eng Choon', 'Surgery - Urology', 'null'),
('Tan Jee Lim', 'Surgery - Orthopaedics', 'null'),
('Tan Khai Tong', 'Medicine - Endocrinology', 'null'),
('Tan Kian Teo', 'Medicine - Dermatology', 'null'),
('Tan Kok Soon', 'Medicine - Cardiology', 'null'),
('Tan Ter Chyan', 'Surgery - Hand', 'Mount Elizabeth Orchard Hospital'),
('Tan Yah Yuen', 'Surgery - Breast', 'Mount Elizabeth Orchard Hospital'),
('Tan Yew Ghee', 'Obs & Gynae', 'Raffles Hospital'),
('Tan Yew Oo', 'Medicine - Oncology', 'null'),
('Tang Kok Foo', 'Medicine - Neurology', 'Mount Elizabeth Orchard Hospital'),
('Tang Kok Kee', 'Surgery - Neuro', 'null'),
('Tay Chong Kam', 'Surgery - Orthopaedics', 'null'),
('Tay Hin Ngan', 'Surgery - ENT', 'null'),
('Tay Khoon Hean', 'Surgery - General', 'null'),
('Tay Miah Hiang', 'Medicine - Oncology', 'null'),
('Teo Wee Siong', 'Medicine - Cardiology', 'null'),
('Teoh Tiong Ann', 'Surgery - General', 'null'),
('Tham Kok Fun', 'Obs & Gynae', 'null'),
('Tho Kam San', 'Surgery - Orthopaedics', 'null'),
('Thomas Loh Kwok Seng', 'Surgery - ENT', 'null'),
('Timothy Lee Kam-Yiu', 'Surgery - Neuro', 'Gleneagles Hospital'),
('Ting Hua Sieng', 'Obs & Gynae', 'null'),
('Ting Wen Chang', 'Medicine - Haematology', 'Mount Elizabeth Orchard Hospital'),
('Toh Choon Lai', 'Surgery - Orthopaedics', 'Mount Elizabeth Orchard Hospital'),
('Trevor Holcombe', 'Dental', 'null'),
('Vera Oh Boon Ngee', 'Paediatrics', 'null'),
('Victor Lim Yen Teak', 'Medicine - Cardiology', 'null'),
('Warren Lee Wei Rhen', 'Paediatrics', 'null'),
('Wee Siew Bock', 'Surgery - Breast', 'null'),
('Wendy Sinnathamby', 'Paediatrics', 'Raffles Hospital'),
('Wong Chiung Ing', 'Medicine - Oncology', 'Mount Elizabeth Orchard Hospital'),
('Wong Kutt Sing', 'Surgery - General', 'Raffles Hospital'),
('Wong Sin Yew', 'Medicine - Infectious Diseases', 'null'),
('Wong Yue Shuen', 'Surgery - Orthopaedics', 'Gleneagles'),
('Yang Ching Yu', 'Surgery - General', 'Raffles Hospital'),
('Yap Chin Kong', 'Medicine - Gastroenterology', 'null'),
('Yap Lip Kee', 'Obs & Gynae', 'null'),
('Yeo Chor Tzien', 'Medicine - Respiratory', 'Farrer Park Hospital'),
('Yeo Poh Teck', 'Medicine - Neurology', 'null'),
('Yeoh Swee Choo', 'Obs & Gynae', 'Mount Elizabeth Orchard Hospital'),
('Yung Shing Wai', 'Surgery - Orthopaedics', 'null');

-- --------------------------------------------------------

--
-- Table structure for table `followup`
--

CREATE TABLE `followup` (
  `followUpID` varchar(45) NOT NULL,
  `hospitalAdmitted` varchar(45) DEFAULT NULL,
  `hospitalAddress` varchar(45) DEFAULT NULL,
  `dateOfAdmission` datetime(6) DEFAULT NULL,
  `dischargeDate` datetime(6) DEFAULT NULL,
  `additionalSpecialist` varchar(45) DEFAULT NULL,
  `followUpRemarks` varchar(45) DEFAULT NULL
) ENGINE=InnoDB DEFAULT CHARSET=latin1;

--
-- Dumping data for table `followup`
--

INSERT INTO `followup` (`followUpID`, `hospitalAdmitted`, `hospitalAddress`, `dateOfAdmission`, `dischargeDate`, `additionalSpecialist`, `followUpRemarks`) VALUES
('1', 'Raffles Hospital', 'null', '2016-10-07 00:00:00.000000', '2016-10-07 00:00:00.000000', 'specialist a', 'remarks 1'),
('10', 'Mount Elizabeth Orchard Hospital', 'null', '2016-10-08 00:00:00.000000', '2016-10-08 00:00:00.000000', 'specialist a', 'remarks 10'),
('100', 'null', 'null', '2016-10-09 00:00:00.000000', '2016-10-09 00:00:00.000000', 'specialist c', 'remarks 100'),
('1000', 'Mount Elizabeth Orchard Hospital', 'null', '2016-10-10 00:00:00.000000', '2016-10-10 00:00:00.000000', 'specialist a', 'remarks 1000'),
('1001', 'Mount Elizabeth Orchard Hospital', 'null', '2016-10-11 00:00:00.000000', '2016-10-11 00:00:00.000000', 'specialist a', 'remarks 1001'),
('1002', 'null', 'null', '2016-10-12 00:00:00.000000', '2016-10-12 00:00:00.000000', 'specialist a', 'remarks 1002'),
('1003', 'null', 'null', '2016-10-13 00:00:00.000000', '2016-10-13 00:00:00.000000', 'specialist a', 'remarks 1003'),
('1004', 'null', 'null', '2016-10-14 00:00:00.000000', '2016-10-14 00:00:00.000000', 'specialist a', 'remarks 1004'),
('1005', 'null', 'null', '2016-10-15 00:00:00.000000', '2016-10-15 00:00:00.000000', 'specialist a', 'remarks 1005'),
('1006', 'null', 'null', '2016-10-16 00:00:00.000000', '2016-10-16 00:00:00.000000', 'specialist a', 'remarks 1006'),
('1007', 'Gleneagles Hospital', 'null', '2016-10-17 00:00:00.000000', '2016-10-17 00:00:00.000000', 'specialist a', 'remarks 1007'),
('1008', 'Mount Elizabeth Novena Hospital', 'null', '2016-10-18 00:00:00.000000', '2016-10-18 00:00:00.000000', 'specialist a', 'remarks 1008'),
('1009', 'null', 'null', '2016-10-19 00:00:00.000000', '2016-10-19 00:00:00.000000', 'specialist a', 'remarks 1009'),
('101', 'null', 'null', '2016-10-20 00:00:00.000000', '2016-10-20 00:00:00.000000', 'specialist c', 'remarks 101'),
('1010', 'null', 'null', '2016-10-21 00:00:00.000000', '2016-10-21 00:00:00.000000', 'specialist a', 'remarks 1010'),
('1011', 'null', 'null', '2016-10-22 00:00:00.000000', '2016-10-22 00:00:00.000000', 'specialist a', 'remarks 1011'),
('1012', 'Mount Elizabeth Orchard Hospital', 'null', '2016-10-23 00:00:00.000000', '2016-10-23 00:00:00.000000', 'specialist a', 'remarks 1012'),
('1013', 'null', 'null', '2016-10-24 00:00:00.000000', '2016-10-24 00:00:00.000000', 'specialist a', 'remarks 1013'),
('1014', 'null', 'null', '2016-10-25 00:00:00.000000', '2016-10-25 00:00:00.000000', 'specialist a', 'remarks 1014'),
('1015', 'null', 'null', '2016-10-26 00:00:00.000000', '2016-10-26 00:00:00.000000', 'specialist a', 'remarks 1015'),
('1016', 'null', 'null', '2016-10-27 00:00:00.000000', '2016-10-27 00:00:00.000000', 'specialist a', 'remarks 1016'),
('1017', 'null', 'null', '2016-10-28 00:00:00.000000', '2016-10-28 00:00:00.000000', 'specialist a', 'remarks 1017'),
('1018', 'null', 'null', '2016-10-29 00:00:00.000000', '2016-10-29 00:00:00.000000', 'specialist a', 'remarks 1018'),
('1019', 'null', 'null', '2016-10-30 00:00:00.000000', '2016-10-30 00:00:00.000000', 'specialist a', 'remarks 1019'),
('102', 'null', 'null', '2016-10-31 00:00:00.000000', '2016-10-31 00:00:00.000000', 'specialist c', 'remarks 102'),
('1020', 'null', 'null', '2016-11-01 00:00:00.000000', '2016-11-01 00:00:00.000000', 'specialist a', 'remarks 1020'),
('1021', 'null', 'null', '2016-11-02 00:00:00.000000', '2016-11-02 00:00:00.000000', 'specialist a', 'remarks 1021'),
('1022', 'null', 'null', '2016-11-03 00:00:00.000000', '2016-11-03 00:00:00.000000', 'specialist a', 'remarks 1022'),
('1023', 'null', 'null', '2016-11-04 00:00:00.000000', '2016-11-04 00:00:00.000000', 'specialist a', 'remarks 1023'),
('1024', 'null', 'null', '2016-11-05 00:00:00.000000', '2016-11-05 00:00:00.000000', 'specialist a', 'remarks 1024'),
('1025', 'null', 'null', '2016-11-06 00:00:00.000000', '2016-11-06 00:00:00.000000', 'specialist a', 'remarks 1025'),
('1026', 'Mount Elizabeth Orchard Hospital', 'null', '2016-11-07 00:00:00.000000', '2016-11-07 00:00:00.000000', 'specialist a', 'remarks 1026'),
('1027', 'null', 'null', '2016-11-08 00:00:00.000000', '2016-11-08 00:00:00.000000', 'specialist a', 'remarks 1027'),
('1028', 'null', 'null', '2016-11-09 00:00:00.000000', '2016-11-09 00:00:00.000000', 'specialist a', 'remarks 1028'),
('1029', 'null', 'null', '2016-11-10 00:00:00.000000', '2016-11-10 00:00:00.000000', 'specialist a', 'remarks 1029'),
('103', 'Mount Elizabeth Orchard Hospital', 'null', '2016-11-11 00:00:00.000000', '2016-11-11 00:00:00.000000', 'specialist c', 'remarks 103'),
('1030', 'null', 'null', '2016-11-12 00:00:00.000000', '2016-11-12 00:00:00.000000', 'specialist a', 'remarks 1030'),
('1031', 'null', 'null', '2016-11-13 00:00:00.000000', '2016-11-13 00:00:00.000000', 'specialist a', 'remarks 1031'),
('1032', 'null', 'null', '2016-11-14 00:00:00.000000', '2016-11-14 00:00:00.000000', 'specialist a', 'remarks 1032'),
('1033', 'null', 'null', '2016-11-15 00:00:00.000000', '2016-11-15 00:00:00.000000', 'specialist a', 'remarks 1033'),
('1034', 'null', 'null', '2016-11-16 00:00:00.000000', '2016-11-16 00:00:00.000000', 'specialist a', 'remarks 1034'),
('1035', 'null', 'null', '2016-11-17 00:00:00.000000', '2016-11-17 00:00:00.000000', 'specialist a', 'remarks 1035'),
('1036', 'null', 'null', '2016-11-18 00:00:00.000000', '2016-11-18 00:00:00.000000', 'specialist a', 'remarks 1036'),
('1037', 'null', 'null', '2016-11-19 00:00:00.000000', '2016-11-19 00:00:00.000000', 'specialist a', 'remarks 1037'),
('1038', 'null', 'null', '2016-11-20 00:00:00.000000', '2016-11-20 00:00:00.000000', 'specialist a', 'remarks 1038'),
('1039', 'null', 'null', '2016-11-21 00:00:00.000000', '2016-11-21 00:00:00.000000', 'specialist a', 'remarks 1039'),
('104', 'null', 'null', '2016-11-22 00:00:00.000000', '2016-11-22 00:00:00.000000', 'specialist c', 'remarks 104'),
('1040', 'null', 'null', '2016-11-23 00:00:00.000000', '2016-11-23 00:00:00.000000', 'specialist a', 'remarks 1040'),
('1041', 'null', 'null', '2016-11-24 00:00:00.000000', '2016-11-24 00:00:00.000000', 'specialist a', 'remarks 1041'),
('1042', 'null', 'null', '2016-11-25 00:00:00.000000', '2016-11-25 00:00:00.000000', 'specialist a', 'remarks 1042'),
('1043', 'Mount Elizabeth Orchard Hospital', 'null', '2016-11-26 00:00:00.000000', '2016-11-26 00:00:00.000000', 'specialist a', 'remarks 1043'),
('1044', 'null', 'null', '2016-11-27 00:00:00.000000', '2016-11-27 00:00:00.000000', 'specialist a', 'remarks 1044'),
('1045', 'null', 'null', '2016-11-28 00:00:00.000000', '2016-11-28 00:00:00.000000', 'specialist a', 'remarks 1045'),
('1046', 'null', 'null', '2016-11-29 00:00:00.000000', '2016-11-29 00:00:00.000000', 'specialist a', 'remarks 1046'),
('1047', 'null', 'null', '2016-11-30 00:00:00.000000', '2016-11-30 00:00:00.000000', 'specialist a', 'remarks 1047'),
('1048', 'null', 'null', '2016-12-01 00:00:00.000000', '2016-12-01 00:00:00.000000', 'specialist a', 'remarks 1048'),
('1049', 'null', 'null', '2016-12-02 00:00:00.000000', '2016-12-02 00:00:00.000000', 'specialist a', 'remarks 1049'),
('105', 'null', 'null', '2016-12-03 00:00:00.000000', '2016-12-03 00:00:00.000000', 'specialist c', 'remarks 105'),
('1050', 'null', 'null', '2016-12-04 00:00:00.000000', '2016-12-04 00:00:00.000000', 'specialist a', 'remarks 1050'),
('1051', 'Mount Elizabeth Orchard Hospital', 'null', '2016-12-05 00:00:00.000000', '2016-12-05 00:00:00.000000', 'specialist a', 'remarks 1051'),
('1052', 'null', 'null', '2016-12-06 00:00:00.000000', '2016-12-06 00:00:00.000000', 'specialist a', 'remarks 1052'),
('1053', 'Mount Elizabeth Novena Hospital', 'null', '2016-12-07 00:00:00.000000', '2016-12-07 00:00:00.000000', 'specialist a', 'remarks 1053'),
('1054', 'null', 'null', '2016-12-08 00:00:00.000000', '2016-12-08 00:00:00.000000', 'specialist a', 'remarks 1054'),
('1055', 'Raffles Hospital', 'null', '2016-12-09 00:00:00.000000', '2016-12-09 00:00:00.000000', 'specialist a', 'remarks 1055'),
('1056', 'null', 'null', '2016-12-10 00:00:00.000000', '2016-12-10 00:00:00.000000', 'specialist a', 'remarks 1056'),
('1057', 'null', 'null', '2016-12-11 00:00:00.000000', '2016-12-11 00:00:00.000000', 'specialist a', 'remarks 1057'),
('1058', 'null', 'null', '2016-12-12 00:00:00.000000', '2016-12-12 00:00:00.000000', 'specialist a', 'remarks 1058'),
('1059', 'null', 'null', '2016-12-13 00:00:00.000000', '2016-12-13 00:00:00.000000', 'specialist a', 'remarks 1059'),
('106', 'Gleneagles Hospital', 'null', '2016-12-14 00:00:00.000000', '2016-12-14 00:00:00.000000', 'specialist c', 'remarks 106'),
('1060', 'null', 'null', '2016-12-15 00:00:00.000000', '2016-12-15 00:00:00.000000', 'specialist a', 'remarks 1060'),
('1061', 'null', 'null', '2016-12-16 00:00:00.000000', '2016-12-16 00:00:00.000000', 'specialist a', 'remarks 1061'),
('1062', 'null', 'null', '2016-12-17 00:00:00.000000', '2016-12-17 00:00:00.000000', 'specialist a', 'remarks 1062'),
('1063', 'null', 'null', '2016-12-18 00:00:00.000000', '2016-12-18 00:00:00.000000', 'specialist a', 'remarks 1063'),
('1064', 'null', 'null', '2016-12-19 00:00:00.000000', '2016-12-19 00:00:00.000000', 'specialist a', 'remarks 1064'),
('1065', 'null', 'null', '2016-12-20 00:00:00.000000', '2016-12-20 00:00:00.000000', 'specialist a', 'remarks 1065'),
('1066', 'null', 'null', '2016-12-21 00:00:00.000000', '2016-12-21 00:00:00.000000', 'specialist a', 'remarks 1066'),
('1067', 'null', 'null', '2016-12-22 00:00:00.000000', '2016-12-22 00:00:00.000000', 'specialist a', 'remarks 1067'),
('1068', 'null', 'null', '2016-12-23 00:00:00.000000', '2016-12-23 00:00:00.000000', 'specialist a', 'remarks 1068'),
('1069', 'null', 'null', '2016-12-24 00:00:00.000000', '2016-12-24 00:00:00.000000', 'specialist a', 'remarks 1069'),
('107', 'Mount Elizabeth Novena Hospital', 'null', '2016-12-25 00:00:00.000000', '2016-12-25 00:00:00.000000', 'specialist c', 'remarks 107'),
('1070', 'null', 'null', '2016-12-26 00:00:00.000000', '2016-12-26 00:00:00.000000', 'specialist a', 'remarks 1070'),
('1071', 'null', 'null', '2016-12-27 00:00:00.000000', '2016-12-27 00:00:00.000000', 'specialist a', 'remarks 1071'),
('1072', 'null', 'null', '2016-12-28 00:00:00.000000', '2016-12-28 00:00:00.000000', 'specialist a', 'remarks 1072'),
('1073', 'null', 'null', '2016-12-29 00:00:00.000000', '2016-12-29 00:00:00.000000', 'specialist a', 'remarks 1073'),
('1074', 'Mount Elizabeth Orchard Hospital', 'null', '2016-12-30 00:00:00.000000', '2016-12-30 00:00:00.000000', 'specialist a', 'remarks 1074'),
('1075', 'null', 'null', '2016-12-31 00:00:00.000000', '2016-12-31 00:00:00.000000', 'specialist a', 'remarks 1075'),
('1076', 'null', 'null', '2017-01-01 00:00:00.000000', '2017-01-01 00:00:00.000000', 'specialist a', 'remarks 1076'),
('1077', 'null', 'null', '2017-01-02 00:00:00.000000', '2017-01-02 00:00:00.000000', 'specialist a', 'remarks 1077'),
('1078', 'null', 'null', '2017-01-03 00:00:00.000000', '2017-01-03 00:00:00.000000', 'specialist a', 'remarks 1078'),
('1079', 'null', 'null', '2017-01-04 00:00:00.000000', '2017-01-04 00:00:00.000000', 'specialist a', 'remarks 1079'),
('108', 'null', 'null', '2017-01-05 00:00:00.000000', '2017-01-05 00:00:00.000000', 'specialist c', 'remarks 108'),
('1080', 'null', 'null', '2017-01-06 00:00:00.000000', '2017-01-06 00:00:00.000000', 'specialist a', 'remarks 1080'),
('1081', 'null', 'null', '2017-01-07 00:00:00.000000', '2017-01-07 00:00:00.000000', 'specialist a', 'remarks 1081'),
('1082', 'Mount Elizabeth Orchard Hospital', 'null', '2017-01-08 00:00:00.000000', '2017-01-08 00:00:00.000000', 'specialist a', 'remarks 1082'),
('1083', 'null', 'null', '2017-01-09 00:00:00.000000', '2017-01-09 00:00:00.000000', 'specialist a', 'remarks 1083'),
('1084', 'null', 'null', '2017-01-10 00:00:00.000000', '2017-01-10 00:00:00.000000', 'specialist a', 'remarks 1084'),
('1085', 'Mount Elizabeth Orchard Hospital', 'null', '2017-01-11 00:00:00.000000', '2017-01-11 00:00:00.000000', 'specialist a', 'remarks 1085'),
('1086', 'Mount Elizabeth Novena Hospital', 'null', '2017-01-12 00:00:00.000000', '2017-01-12 00:00:00.000000', 'specialist a', 'remarks 1086'),
('1087', 'null', 'null', '2017-01-13 00:00:00.000000', '2017-01-13 00:00:00.000000', 'specialist a', 'remarks 1087'),
('1088', 'null', 'null', '2017-01-14 00:00:00.000000', '2017-01-14 00:00:00.000000', 'specialist a', 'remarks 1088'),
('1089', 'null', 'null', '2017-01-15 00:00:00.000000', '2017-01-15 00:00:00.000000', 'specialist a', 'remarks 1089'),
('109', 'null', 'null', '2017-01-16 00:00:00.000000', '2017-01-16 00:00:00.000000', 'specialist c', 'remarks 109'),
('1090', 'Mount Elizabeth Orchard Hospital', 'null', '2017-01-17 00:00:00.000000', '2017-01-17 00:00:00.000000', 'specialist a', 'remarks 1090'),
('1091', 'null', 'null', '2017-01-18 00:00:00.000000', '2017-01-18 00:00:00.000000', 'specialist a', 'remarks 1091'),
('1092', 'null', 'null', '2017-01-19 00:00:00.000000', '2017-01-19 00:00:00.000000', 'specialist a', 'remarks 1092'),
('1093', 'null', 'null', '2017-01-20 00:00:00.000000', '2017-01-20 00:00:00.000000', 'specialist a', 'remarks 1093'),
('1094', 'Mount Alvernia Hospital', 'null', '2017-01-21 00:00:00.000000', '2017-01-21 00:00:00.000000', 'specialist a', 'remarks 1094'),
('1095', 'Mount Elizabeth Orchard Hospital', 'null', '2017-01-22 00:00:00.000000', '2017-01-22 00:00:00.000000', 'specialist a', 'remarks 1095'),
('1096', 'null', 'null', '2017-01-23 00:00:00.000000', '2017-01-23 00:00:00.000000', 'specialist a', 'remarks 1096'),
('1097', 'null', 'null', '2017-01-24 00:00:00.000000', '2017-01-24 00:00:00.000000', 'specialist a', 'remarks 1097'),
('1098', 'null', 'null', '2017-01-25 00:00:00.000000', '2017-01-25 00:00:00.000000', 'specialist a', 'remarks 1098'),
('1099', 'null', 'null', '2017-01-26 00:00:00.000000', '2017-01-26 00:00:00.000000', 'specialist a', 'remarks 1099'),
('11', 'null', 'null', '2017-01-27 00:00:00.000000', '2017-01-27 00:00:00.000000', 'specialist a', 'remarks 11'),
('110', 'Mount Elizabeth Novena Hospital', 'null', '2017-01-28 00:00:00.000000', '2017-01-28 00:00:00.000000', 'specialist c', 'remarks 110'),
('1100', 'null', 'null', '2017-01-29 00:00:00.000000', '2017-01-29 00:00:00.000000', 'specialist a', 'remarks 1100'),
('1101', 'null', 'null', '2017-01-30 00:00:00.000000', '2017-01-30 00:00:00.000000', 'specialist a', 'remarks 1101'),
('1102', 'null', 'null', '2017-01-31 00:00:00.000000', '2017-01-31 00:00:00.000000', 'specialist a', 'remarks 1102'),
('1103', 'null', 'null', '2017-02-01 00:00:00.000000', '2017-02-01 00:00:00.000000', 'specialist a', 'remarks 1103'),
('1104', 'null', 'null', '2017-02-02 00:00:00.000000', '2017-02-02 00:00:00.000000', 'specialist a', 'remarks 1104'),
('1105', 'null', 'null', '2017-02-03 00:00:00.000000', '2017-02-03 00:00:00.000000', 'specialist a', 'remarks 1105'),
('1106', 'null', 'null', '2017-02-04 00:00:00.000000', '2017-02-04 00:00:00.000000', 'specialist a', 'remarks 1106'),
('1107', 'Mount Elizabeth Orchard Hospital', 'null', '2017-02-05 00:00:00.000000', '2017-02-05 00:00:00.000000', 'specialist a', 'remarks 1107'),
('1108', 'null', 'null', '2017-02-06 00:00:00.000000', '2017-02-06 00:00:00.000000', 'specialist a', 'remarks 1108'),
('1109', 'null', 'null', '2017-02-07 00:00:00.000000', '2017-02-07 00:00:00.000000', 'specialist a', 'remarks 1109'),
('111', 'Mount Elizabeth Orchard Hospital', 'null', '2017-02-08 00:00:00.000000', '2017-02-08 00:00:00.000000', 'specialist c', 'remarks 111'),
('1110', 'null', 'null', '2017-02-09 00:00:00.000000', '2017-02-09 00:00:00.000000', 'specialist a', 'remarks 1110'),
('1111', 'null', 'null', '2017-02-10 00:00:00.000000', '2017-02-10 00:00:00.000000', 'specialist a', 'remarks 1111'),
('1112', 'null', 'null', '2017-02-11 00:00:00.000000', '2017-02-11 00:00:00.000000', 'specialist a', 'remarks 1112'),
('1113', 'null', 'null', '2017-02-12 00:00:00.000000', '2017-02-12 00:00:00.000000', 'specialist a', 'remarks 1113'),
('1114', 'null', 'null', '2017-02-13 00:00:00.000000', '2017-02-13 00:00:00.000000', 'specialist a', 'remarks 1114'),
('1115', 'Mount Elizabeth Orchard Hospital', 'null', '2017-02-14 00:00:00.000000', '2017-02-14 00:00:00.000000', 'specialist a', 'remarks 1115'),
('1116', 'Gleneagles Hospital', 'null', '2017-02-15 00:00:00.000000', '2017-02-15 00:00:00.000000', 'specialist a', 'remarks 1116'),
('1117', 'null', 'null', '2017-02-16 00:00:00.000000', '2017-02-16 00:00:00.000000', 'specialist a', 'remarks 1117'),
('1118', 'Raffles Hospital', 'null', '2017-02-17 00:00:00.000000', '2017-02-17 00:00:00.000000', 'specialist a', 'remarks 1118'),
('1119', 'null', 'null', '2017-02-18 00:00:00.000000', '2017-02-18 00:00:00.000000', 'specialist a', 'remarks 1119'),
('112', 'Mount Elizabeth Orchard Hospital', 'null', '2017-02-19 00:00:00.000000', '2017-02-19 00:00:00.000000', 'specialist c', 'remarks 112'),
('1120', 'Mount Elizabeth Orchard Hospital', 'null', '2017-02-20 00:00:00.000000', '2017-02-20 00:00:00.000000', 'specialist a', 'remarks 1120'),
('1121', 'null', 'null', '2017-02-21 00:00:00.000000', '2017-02-21 00:00:00.000000', 'specialist a', 'remarks 1121'),
('1122', 'null', 'null', '2017-02-22 00:00:00.000000', '2017-02-22 00:00:00.000000', 'specialist a', 'remarks 1122'),
('1123', 'Mount Elizabeth Orchard Hospital', 'null', '2017-02-23 00:00:00.000000', '2017-02-23 00:00:00.000000', 'specialist a', 'remarks 1123'),
('1124', 'Raffles Hospital', 'null', '2017-02-24 00:00:00.000000', '2017-02-24 00:00:00.000000', 'specialist a', 'remarks 1124'),
('1125', 'null', 'null', '2017-02-25 00:00:00.000000', '2017-02-25 00:00:00.000000', 'specialist a', 'remarks 1125'),
('1126', 'null', 'null', '2017-02-26 00:00:00.000000', '2017-02-26 00:00:00.000000', 'specialist a', 'remarks 1126'),
('1127', 'null', 'null', '2017-02-27 00:00:00.000000', '2017-02-27 00:00:00.000000', 'specialist a', 'remarks 1127'),
('1128', 'null', 'null', '2017-02-28 00:00:00.000000', '2017-02-28 00:00:00.000000', 'specialist a', 'remarks 1128'),
('1129', 'null', 'null', '2017-03-01 00:00:00.000000', '2017-03-01 00:00:00.000000', 'specialist a', 'remarks 1129'),
('113', 'Gleneagles Hospital', 'null', '2017-03-02 00:00:00.000000', '2017-03-02 00:00:00.000000', 'specialist c', 'remarks 113'),
('1130', 'null', 'null', '2017-03-03 00:00:00.000000', '2017-03-03 00:00:00.000000', 'specialist a', 'remarks 1130'),
('1131', 'null', 'null', '2017-03-04 00:00:00.000000', '2017-03-04 00:00:00.000000', 'specialist a', 'remarks 1131'),
('1132', 'null', 'null', '2017-03-05 00:00:00.000000', '2017-03-05 00:00:00.000000', 'specialist a', 'remarks 1132'),
('1133', 'null', 'null', '2017-03-06 00:00:00.000000', '2017-03-06 00:00:00.000000', 'specialist a', 'remarks 1133'),
('1134', 'null', 'null', '2017-03-07 00:00:00.000000', '2017-03-07 00:00:00.000000', 'specialist a', 'remarks 1134'),
('1135', 'null', 'null', '2017-03-08 00:00:00.000000', '2017-03-08 00:00:00.000000', 'specialist a', 'remarks 1135'),
('1136', 'null', 'null', '2017-03-09 00:00:00.000000', '2017-03-09 00:00:00.000000', 'specialist a', 'remarks 1136'),
('1137', 'Mount Elizabeth Novena Hospital', 'null', '2017-03-10 00:00:00.000000', '2017-03-10 00:00:00.000000', 'specialist a', 'remarks 1137'),
('1138', 'Mount Elizabeth Orchard Hospital', 'null', '2017-03-11 00:00:00.000000', '2017-03-11 00:00:00.000000', 'specialist a', 'remarks 1138'),
('1139', 'Raffles Hospital', 'null', '2017-03-12 00:00:00.000000', '2017-03-12 00:00:00.000000', 'specialist a', 'remarks 1139'),
('114', 'null', 'null', '2017-03-13 00:00:00.000000', '2017-03-13 00:00:00.000000', 'specialist c', 'remarks 114'),
('1140', 'null', 'null', '2017-03-14 00:00:00.000000', '2017-03-14 00:00:00.000000', 'specialist a', 'remarks 1140'),
('1141', 'null', 'null', '2017-03-15 00:00:00.000000', '2017-03-15 00:00:00.000000', 'specialist a', 'remarks 1141'),
('1142', 'null', 'null', '2017-03-16 00:00:00.000000', '2017-03-16 00:00:00.000000', 'specialist a', 'remarks 1142'),
('1143', 'null', 'null', '2017-03-17 00:00:00.000000', '2017-03-17 00:00:00.000000', 'specialist a', 'remarks 1143'),
('1144', 'null', 'null', '2017-03-18 00:00:00.000000', '2017-03-18 00:00:00.000000', 'specialist a', 'remarks 1144'),
('1145', 'null', 'null', '2017-03-19 00:00:00.000000', '2017-03-19 00:00:00.000000', 'specialist a', 'remarks 1145'),
('1146', 'null', 'null', '2017-03-20 00:00:00.000000', '2017-03-20 00:00:00.000000', 'specialist a', 'remarks 1146'),
('1147', 'null', 'null', '2017-03-21 00:00:00.000000', '2017-03-21 00:00:00.000000', 'specialist a', 'remarks 1147'),
('1148', 'null', 'null', '2017-03-22 00:00:00.000000', '2017-03-22 00:00:00.000000', 'specialist a', 'remarks 1148'),
('1149', 'null', 'null', '2017-03-23 00:00:00.000000', '2017-03-23 00:00:00.000000', 'specialist a', 'remarks 1149'),
('115', 'null', 'null', '2017-03-24 00:00:00.000000', '2017-03-24 00:00:00.000000', 'specialist c', 'remarks 115'),
('1150', 'null', 'null', '2017-03-25 00:00:00.000000', '2017-03-25 00:00:00.000000', 'specialist a', 'remarks 1150'),
('1151', 'null', 'null', '2017-03-26 00:00:00.000000', '2017-03-26 00:00:00.000000', 'specialist a', 'remarks 1151'),
('1152', 'null', 'null', '2017-03-27 00:00:00.000000', '2017-03-27 00:00:00.000000', 'specialist a', 'remarks 1152'),
('1153', 'Mount Elizabeth Orchard Hospital', 'null', '2017-03-28 00:00:00.000000', '2017-03-28 00:00:00.000000', 'specialist a', 'remarks 1153'),
('1154', 'null', 'null', '2017-03-29 00:00:00.000000', '2017-03-29 00:00:00.000000', 'specialist a', 'remarks 1154'),
('1155', 'null', 'null', '2017-03-30 00:00:00.000000', '2017-03-30 00:00:00.000000', 'specialist a', 'remarks 1155'),
('1156', 'null', 'null', '2017-03-31 00:00:00.000000', '2017-03-31 00:00:00.000000', 'specialist a', 'remarks 1156'),
('1157', 'Gleneagles Hospital', 'null', '2017-04-01 00:00:00.000000', '2017-04-01 00:00:00.000000', 'specialist a', 'remarks 1157'),
('1158', 'null', 'null', '2017-04-02 00:00:00.000000', '2017-04-02 00:00:00.000000', 'specialist a', 'remarks 1158'),
('1159', 'null', 'null', '2017-04-03 00:00:00.000000', '2017-04-03 00:00:00.000000', 'specialist a', 'remarks 1159'),
('116', 'null', 'null', '2017-04-04 00:00:00.000000', '2017-04-04 00:00:00.000000', 'specialist c', 'remarks 116'),
('1160', 'null', 'null', '2017-04-05 00:00:00.000000', '2017-04-05 00:00:00.000000', 'specialist a', 'remarks 1160'),
('1161', 'null', 'null', '2017-04-06 00:00:00.000000', '2017-04-06 00:00:00.000000', 'specialist a', 'remarks 1161'),
('1162', 'null', 'null', '2017-04-07 00:00:00.000000', '2017-04-07 00:00:00.000000', 'specialist a', 'remarks 1162'),
('1163', 'null', 'null', '2017-04-08 00:00:00.000000', '2017-04-08 00:00:00.000000', 'specialist a', 'remarks 1163'),
('1164', 'null', 'null', '2017-04-09 00:00:00.000000', '2017-04-09 00:00:00.000000', 'specialist a', 'remarks 1164'),
('1165', 'null', 'null', '2017-04-10 00:00:00.000000', '2017-04-10 00:00:00.000000', 'specialist a', 'remarks 1165'),
('1166', 'null', 'null', '2017-04-11 00:00:00.000000', '2017-04-11 00:00:00.000000', 'specialist a', 'remarks 1166'),
('1167', 'null', 'null', '2017-04-12 00:00:00.000000', '2017-04-12 00:00:00.000000', 'specialist a', 'remarks 1167'),
('1168', 'Mount Elizabeth Orchard Hospital', 'null', '2017-04-13 00:00:00.000000', '2017-04-13 00:00:00.000000', 'specialist a', 'remarks 1168'),
('1169', 'null', 'null', '2017-04-14 00:00:00.000000', '2017-04-14 00:00:00.000000', 'specialist a', 'remarks 1169'),
('117', 'null', 'null', '2017-04-15 00:00:00.000000', '2017-04-15 00:00:00.000000', 'specialist c', 'remarks 117'),
('1170', 'null', 'null', '2017-04-16 00:00:00.000000', '2017-04-16 00:00:00.000000', 'specialist a', 'remarks 1170'),
('1171', 'null', 'null', '2017-04-17 00:00:00.000000', '2017-04-17 00:00:00.000000', 'specialist a', 'remarks 1171'),
('1172', 'null', 'null', '2017-04-18 00:00:00.000000', '2017-04-18 00:00:00.000000', 'specialist a', 'remarks 1172'),
('1173', 'null', 'null', '2017-04-19 00:00:00.000000', '2017-04-19 00:00:00.000000', 'specialist a', 'remarks 1173'),
('1174', 'null', 'null', '2017-04-20 00:00:00.000000', '2017-04-20 00:00:00.000000', 'specialist a', 'remarks 1174'),
('1175', 'null', 'null', '2017-04-21 00:00:00.000000', '2017-04-21 00:00:00.000000', 'specialist a', 'remarks 1175'),
('1176', 'null', 'null', '2017-04-22 00:00:00.000000', '2017-04-22 00:00:00.000000', 'specialist a', 'remarks 1176'),
('1177', 'null', 'null', '2017-04-23 00:00:00.000000', '2017-04-23 00:00:00.000000', 'specialist a', 'remarks 1177'),
('1178', 'null', 'null', '2017-04-24 00:00:00.000000', '2017-04-24 00:00:00.000000', 'specialist a', 'remarks 1178'),
('1179', 'null', 'null', '2017-04-25 00:00:00.000000', '2017-04-25 00:00:00.000000', 'specialist a', 'remarks 1179'),
('118', 'null', 'null', '2017-04-26 00:00:00.000000', '2017-04-26 00:00:00.000000', 'specialist c', 'remarks 118'),
('1180', 'Gleneagles Hospital', 'null', '2017-04-27 00:00:00.000000', '2017-04-27 00:00:00.000000', 'specialist a', 'remarks 1180'),
('1181', 'null', 'null', '2017-04-28 00:00:00.000000', '2017-04-28 00:00:00.000000', 'specialist a', 'remarks 1181'),
('1182', 'null', 'null', '2017-04-29 00:00:00.000000', '2017-04-29 00:00:00.000000', 'specialist a', 'remarks 1182'),
('1183', 'null', 'null', '2017-04-30 00:00:00.000000', '2017-04-30 00:00:00.000000', 'specialist a', 'remarks 1183'),
('1184', 'null', 'null', '2017-05-01 00:00:00.000000', '2017-05-01 00:00:00.000000', 'specialist a', 'remarks 1184'),
('1185', 'null', 'null', '2017-05-02 00:00:00.000000', '2017-05-02 00:00:00.000000', 'specialist a', 'remarks 1185'),
('1186', 'null', 'null', '2017-05-03 00:00:00.000000', '2017-05-03 00:00:00.000000', 'specialist a', 'remarks 1186'),
('1187', 'null', 'null', '2017-05-04 00:00:00.000000', '2017-05-04 00:00:00.000000', 'specialist a', 'remarks 1187'),
('1188', 'null', 'null', '2017-05-05 00:00:00.000000', '2017-05-05 00:00:00.000000', 'specialist a', 'remarks 1188'),
('1189', 'null', 'null', '2017-05-06 00:00:00.000000', '2017-05-06 00:00:00.000000', 'specialist a', 'remarks 1189'),
('119', 'null', 'null', '2017-05-07 00:00:00.000000', '2017-05-07 00:00:00.000000', 'specialist c', 'remarks 119'),
('1190', 'null', 'null', '2017-05-08 00:00:00.000000', '2017-05-08 00:00:00.000000', 'specialist a', 'remarks 1190'),
('1191', 'null', 'null', '2017-05-09 00:00:00.000000', '2017-05-09 00:00:00.000000', 'specialist a', 'remarks 1191'),
('1192', 'null', 'null', '2017-05-10 00:00:00.000000', '2017-05-10 00:00:00.000000', 'specialist a', 'remarks 1192'),
('1193', 'null', 'null', '2017-05-11 00:00:00.000000', '2017-05-11 00:00:00.000000', 'specialist a', 'remarks 1193'),
('1194', 'null', 'null', '2017-05-12 00:00:00.000000', '2017-05-12 00:00:00.000000', 'specialist a', 'remarks 1194'),
('1195', 'null', 'null', '2017-05-13 00:00:00.000000', '2017-05-13 00:00:00.000000', 'specialist a', 'remarks 1195'),
('1196', 'null', 'null', '2017-05-14 00:00:00.000000', '2017-05-14 00:00:00.000000', 'specialist a', 'remarks 1196'),
('1197', 'Gleneagles Hospital', 'null', '2017-05-15 00:00:00.000000', '2017-05-15 00:00:00.000000', 'specialist a', 'remarks 1197'),
('1198', 'null', 'null', '2017-05-16 00:00:00.000000', '2017-05-16 00:00:00.000000', 'specialist a', 'remarks 1198'),
('1199', 'null', 'null', '2017-05-17 00:00:00.000000', '2017-05-17 00:00:00.000000', 'specialist a', 'remarks 1199'),
('12', 'Gleneagles', 'null', '2017-05-18 00:00:00.000000', '2017-05-18 00:00:00.000000', 'specialist a', 'remarks 12'),
('120', 'null', 'null', '2017-05-19 00:00:00.000000', '2017-05-19 00:00:00.000000', 'specialist c', 'remarks 120'),
('1200', 'Gleneagles Hospital', 'null', '2017-05-20 00:00:00.000000', '2017-05-20 00:00:00.000000', 'specialist a', 'remarks 1200'),
('1201', 'null', 'null', '2017-05-21 00:00:00.000000', '2017-05-21 00:00:00.000000', 'specialist a', 'remarks 1201'),
('1202', 'Gleneagles Hospital', 'null', '2017-05-22 00:00:00.000000', '2017-05-22 00:00:00.000000', 'specialist a', 'remarks 1202'),
('1203', 'null', 'null', '2017-05-23 00:00:00.000000', '2017-05-23 00:00:00.000000', 'specialist a', 'remarks 1203'),
('1204', 'null', 'null', '2017-05-24 00:00:00.000000', '2017-05-24 00:00:00.000000', 'specialist a', 'remarks 1204'),
('1205', 'Gleneagles Hospital', 'null', '2017-05-25 00:00:00.000000', '2017-05-25 00:00:00.000000', 'specialist a', 'remarks 1205'),
('1206', 'Gleneagles Hospital', 'null', '2017-05-26 00:00:00.000000', '2017-05-26 00:00:00.000000', 'specialist a', 'remarks 1206'),
('1207', 'null', 'null', '2017-05-27 00:00:00.000000', '2017-05-27 00:00:00.000000', 'specialist a', 'remarks 1207'),
('1208', 'null', 'null', '2017-05-28 00:00:00.000000', '2017-05-28 00:00:00.000000', 'specialist a', 'remarks 1208'),
('1209', 'null', 'null', '2017-05-29 00:00:00.000000', '2017-05-29 00:00:00.000000', 'specialist a', 'remarks 1209'),
('121', 'null', 'null', '2017-05-30 00:00:00.000000', '2017-05-30 00:00:00.000000', 'specialist c', 'remarks 121'),
('1210', 'null', 'null', '2017-05-31 00:00:00.000000', '2017-05-31 00:00:00.000000', 'specialist a', 'remarks 1210'),
('1211', 'null', 'null', '2017-06-01 00:00:00.000000', '2017-06-01 00:00:00.000000', 'specialist a', 'remarks 1211'),
('1212', 'null', 'null', '2017-06-02 00:00:00.000000', '2017-06-02 00:00:00.000000', 'specialist a', 'remarks 1212'),
('1213', 'null', 'null', '2017-06-03 00:00:00.000000', '2017-06-03 00:00:00.000000', 'specialist a', 'remarks 1213'),
('1214', 'null', 'null', '2017-06-04 00:00:00.000000', '2017-06-04 00:00:00.000000', 'specialist a', 'remarks 1214'),
('1215', 'null', 'null', '2017-06-05 00:00:00.000000', '2017-06-05 00:00:00.000000', 'specialist a', 'remarks 1215'),
('1216', 'null', 'null', '2017-06-06 00:00:00.000000', '2017-06-06 00:00:00.000000', 'specialist a', 'remarks 1216'),
('1217', 'null', 'null', '2017-06-07 00:00:00.000000', '2017-06-07 00:00:00.000000', 'specialist a', 'remarks 1217'),
('1218', 'null', 'null', '2017-06-08 00:00:00.000000', '2017-06-08 00:00:00.000000', 'specialist a', 'remarks 1218'),
('1219', 'null', 'null', '2017-06-09 00:00:00.000000', '2017-06-09 00:00:00.000000', 'specialist a', 'remarks 1219'),
('122', 'null', 'null', '2017-06-10 00:00:00.000000', '2017-06-10 00:00:00.000000', 'specialist c', 'remarks 122'),
('1220', 'null', 'null', '2017-06-11 00:00:00.000000', '2017-06-11 00:00:00.000000', 'specialist a', 'remarks 1220'),
('1221', 'null', 'null', '2017-06-12 00:00:00.000000', '2017-06-12 00:00:00.000000', 'specialist a', 'remarks 1221'),
('1222', 'null', 'null', '2017-06-13 00:00:00.000000', '2017-06-13 00:00:00.000000', 'specialist a', 'remarks 1222'),
('1223', 'Mount Elizabeth Novena Hospital', 'null', '2017-06-14 00:00:00.000000', '2017-06-14 00:00:00.000000', 'specialist a', 'remarks 1223'),
('1224', 'null', 'null', '2017-06-15 00:00:00.000000', '2017-06-15 00:00:00.000000', 'specialist a', 'remarks 1224'),
('1225', 'null', 'null', '2017-06-16 00:00:00.000000', '2017-06-16 00:00:00.000000', 'specialist a', 'remarks 1225'),
('1226', 'null', 'null', '2017-06-17 00:00:00.000000', '2017-06-17 00:00:00.000000', 'specialist a', 'remarks 1226'),
('1227', 'null', 'null', '2017-06-18 00:00:00.000000', '2017-06-18 00:00:00.000000', 'specialist a', 'remarks 1227'),
('1228', 'null', 'null', '2017-06-19 00:00:00.000000', '2017-06-19 00:00:00.000000', 'specialist a', 'remarks 1228'),
('1229', 'null', 'null', '2017-06-20 00:00:00.000000', '2017-06-20 00:00:00.000000', 'specialist a', 'remarks 1229'),
('123', NULL, NULL, '2016-10-07 00:00:00.000000', NULL, NULL, NULL),
('1230', 'null', 'null', '2017-06-22 00:00:00.000000', '2017-06-22 00:00:00.000000', 'specialist a', 'remarks 1230'),
('1231', 'Gleneagles Hospital', 'null', '2017-06-23 00:00:00.000000', '2017-06-23 00:00:00.000000', 'specialist a', 'remarks 1231'),
('1232', 'null', 'null', '2017-06-24 00:00:00.000000', '2017-06-24 00:00:00.000000', 'specialist a', 'remarks 1232'),
('1233', 'Farrer Park Hospital', 'null', '2017-06-25 00:00:00.000000', '2017-06-25 00:00:00.000000', 'specialist a', 'remarks 1233'),
('1234', 'null', 'null', '2017-06-26 00:00:00.000000', '2017-06-26 00:00:00.000000', 'specialist a', 'remarks 1234'),
('1235', 'null', 'null', '2017-06-27 00:00:00.000000', '2017-06-27 00:00:00.000000', 'specialist a', 'remarks 1235'),
('1236', 'Mount Elizabeth Orchard Hospital', 'null', '2017-06-28 00:00:00.000000', '2017-06-28 00:00:00.000000', 'specialist a', 'remarks 1236'),
('1237', 'null', 'null', '2017-06-29 00:00:00.000000', '2017-06-29 00:00:00.000000', 'specialist a', 'remarks 1237'),
('1238', 'null', 'null', '2017-06-30 00:00:00.000000', '2017-06-30 00:00:00.000000', 'specialist a', 'remarks 1238'),
('1239', 'null', 'null', '2017-07-01 00:00:00.000000', '2017-07-01 00:00:00.000000', 'specialist a', 'remarks 1239'),
('124', 'null', 'null', '2017-07-02 00:00:00.000000', '2017-07-02 00:00:00.000000', 'specialist c', 'remarks 124'),
('1240', 'null', 'null', '2017-07-03 00:00:00.000000', '2017-07-03 00:00:00.000000', 'specialist a', 'remarks 1240'),
('1241', 'Mount Elizabeth Orchard Hospital', 'null', '2017-07-04 00:00:00.000000', '2017-07-04 00:00:00.000000', 'specialist a', 'remarks 1241'),
('1242', 'Mount Elizabeth Orchard Hospital', 'null', '2017-07-05 00:00:00.000000', '2017-07-05 00:00:00.000000', 'specialist a', 'remarks 1242'),
('1243', 'null', 'null', '2017-07-06 00:00:00.000000', '2017-07-06 00:00:00.000000', 'specialist a', 'remarks 1243'),
('1244', 'Mount Elizabeth Orchard Hospital', 'null', '2017-07-07 00:00:00.000000', '2017-07-07 00:00:00.000000', 'specialist a', 'remarks 1244'),
('1245', 'Mount Elizabeth Orchard Hospital', 'null', '2017-07-08 00:00:00.000000', '2017-07-08 00:00:00.000000', 'specialist a', 'remarks 1245'),
('1246', 'null', 'null', '2017-07-09 00:00:00.000000', '2017-07-09 00:00:00.000000', 'specialist a', 'remarks 1246'),
('1247', 'Mount Elizabeth Orchard Hospital', 'null', '2017-07-10 00:00:00.000000', '2017-07-10 00:00:00.000000', 'specialist a', 'remarks 1247'),
('1248', 'null', 'null', '2017-07-11 00:00:00.000000', '2017-07-11 00:00:00.000000', 'specialist a', 'remarks 1248'),
('1249', 'null', 'null', '2017-07-12 00:00:00.000000', '2017-07-12 00:00:00.000000', 'specialist a', 'remarks 1249'),
('125', 'null', 'null', '2017-07-13 00:00:00.000000', '2017-07-13 00:00:00.000000', 'specialist c', 'remarks 125'),
('1250', 'Mount Alvernia Hospital', 'null', '2017-07-14 00:00:00.000000', '2017-07-14 00:00:00.000000', 'specialist a', 'remarks 1250'),
('1251', 'Farrer Park Hospital', 'null', '2017-07-15 00:00:00.000000', '2017-07-15 00:00:00.000000', 'specialist a', 'remarks 1251'),
('1252', 'Mount Elizabeth Orchard Hospital', 'null', '2017-07-16 00:00:00.000000', '2017-07-16 00:00:00.000000', 'specialist a', 'remarks 1252'),
('1253', 'National University Hospital', 'null', '2017-07-17 00:00:00.000000', '2017-07-17 00:00:00.000000', 'specialist a', 'remarks 1253'),
('1254', 'null', 'null', '2017-07-18 00:00:00.000000', '2017-07-18 00:00:00.000000', 'specialist a', 'remarks 1254'),
('1255', 'Mount Elizabeth Orchard Hospital', 'null', '2017-07-19 00:00:00.000000', '2017-07-19 00:00:00.000000', 'specialist a', 'remarks 1255'),
('1256', 'Mount Elizabeth Orchard Hospital', 'null', '2017-07-20 00:00:00.000000', '2017-07-20 00:00:00.000000', 'specialist a', 'remarks 1256'),
('1257', 'Mount Elizabeth Orchard Hospital', 'null', '2017-07-21 00:00:00.000000', '2017-07-21 00:00:00.000000', 'specialist a', 'remarks 1257'),
('1258', 'Mount Elizabeth Orchard Hospital', 'null', '2017-07-22 00:00:00.000000', '2017-07-22 00:00:00.000000', 'specialist a', 'remarks 1258'),
('1259', 'null', 'null', '2017-07-23 00:00:00.000000', '2017-07-23 00:00:00.000000', 'specialist a', 'remarks 1259'),
('126', 'null', 'null', '2017-07-24 00:00:00.000000', '2017-07-24 00:00:00.000000', 'specialist c', 'remarks 126'),
('1260', 'null', 'null', '2017-07-25 00:00:00.000000', '2017-07-25 00:00:00.000000', 'specialist a', 'remarks 1260'),
('1261', 'null', 'null', '2017-07-26 00:00:00.000000', '2017-07-26 00:00:00.000000', 'specialist a', 'remarks 1261'),
('1262', 'null', 'null', '2017-07-27 00:00:00.000000', '2017-07-27 00:00:00.000000', 'specialist a', 'remarks 1262'),
('1263', 'null', 'null', '2017-07-28 00:00:00.000000', '2017-07-28 00:00:00.000000', 'specialist a', 'remarks 1263'),
('1264', 'Gleneagles Hospital', 'null', '2017-07-29 00:00:00.000000', '2017-07-29 00:00:00.000000', 'specialist a', 'remarks 1264'),
('1265', 'null', 'null', '2017-07-30 00:00:00.000000', '2017-07-30 00:00:00.000000', 'specialist a', 'remarks 1265'),
('1266', 'null', 'null', '2017-07-31 00:00:00.000000', '2017-07-31 00:00:00.000000', 'specialist a', 'remarks 1266'),
('1267', 'null', 'null', '2017-08-01 00:00:00.000000', '2017-08-01 00:00:00.000000', 'specialist a', 'remarks 1267'),
('1268', 'null', 'null', '2017-08-02 00:00:00.000000', '2017-08-02 00:00:00.000000', 'specialist a', 'remarks 1268'),
('1269', 'null', 'null', '2017-08-03 00:00:00.000000', '2017-08-03 00:00:00.000000', 'specialist a', 'remarks 1269'),
('127', 'null', 'null', '2017-08-04 00:00:00.000000', '2017-08-04 00:00:00.000000', 'specialist c', 'remarks 127'),
('1270', 'null', 'null', '2017-08-05 00:00:00.000000', '2017-08-05 00:00:00.000000', 'specialist a', 'remarks 1270'),
('1271', 'null', 'null', '2017-08-06 00:00:00.000000', '2017-08-06 00:00:00.000000', 'specialist a', 'remarks 1271'),
('1272', 'null', 'null', '2017-08-07 00:00:00.000000', '2017-08-07 00:00:00.000000', 'specialist a', 'remarks 1272'),
('1273', 'null', 'null', '2017-08-08 00:00:00.000000', '2017-08-08 00:00:00.000000', 'specialist a', 'remarks 1273'),
('1274', 'null', 'null', '2017-08-09 00:00:00.000000', '2017-08-09 00:00:00.000000', 'specialist a', 'remarks 1274'),
('1275', 'null', 'null', '2017-08-10 00:00:00.000000', '2017-08-10 00:00:00.000000', 'specialist a', 'remarks 1275'),
('1276', 'Gleneagles Hospital', 'null', '2017-08-11 00:00:00.000000', '2017-08-11 00:00:00.000000', 'specialist a', 'remarks 1276'),
('1277', 'null', 'null', '2017-08-12 00:00:00.000000', '2017-08-12 00:00:00.000000', 'specialist a', 'remarks 1277'),
('1278', 'Gleneagles Hospital', 'null', '2017-08-13 00:00:00.000000', '2017-08-13 00:00:00.000000', 'specialist a', 'remarks 1278'),
('1279', 'Mount Elizabeth Orchard Hospital', 'null', '2017-08-14 00:00:00.000000', '2017-08-14 00:00:00.000000', 'specialist a', 'remarks 1279'),
('128', 'null', 'null', '2017-08-15 00:00:00.000000', '2017-08-15 00:00:00.000000', 'specialist c', 'remarks 128'),
('1280', 'Gleneagles Hospital', 'null', '2017-08-16 00:00:00.000000', '2017-08-16 00:00:00.000000', 'specialist a', 'remarks 1280'),
('1281', 'null', 'null', '2017-08-17 00:00:00.000000', '2017-08-17 00:00:00.000000', 'specialist a', 'remarks 1281'),
('1282', 'Gleneagles Hospital', 'null', '2017-08-18 00:00:00.000000', '2017-08-18 00:00:00.000000', 'specialist a', 'remarks 1282'),
('1283', 'null', 'null', '2017-08-19 00:00:00.000000', '2017-08-19 00:00:00.000000', 'specialist a', 'remarks 1283'),
('1284', 'null', 'null', '2017-08-20 00:00:00.000000', '2017-08-20 00:00:00.000000', 'specialist a', 'remarks 1284'),
('1285', 'null', 'null', '2017-08-21 00:00:00.000000', '2017-08-21 00:00:00.000000', 'specialist a', 'remarks 1285'),
('1286', 'null', 'null', '2017-08-22 00:00:00.000000', '2017-08-22 00:00:00.000000', 'specialist a', 'remarks 1286'),
('1287', 'null', 'null', '2017-08-23 00:00:00.000000', '2017-08-23 00:00:00.000000', 'specialist a', 'remarks 1287'),
('1288', 'Mount Elizabeth Orchard Hospital', 'null', '2017-08-24 00:00:00.000000', '2017-08-24 00:00:00.000000', 'specialist a', 'remarks 1288'),
('1289', 'null', 'null', '2017-08-25 00:00:00.000000', '2017-08-25 00:00:00.000000', 'specialist a', 'remarks 1289'),
('129', 'null', 'null', '2017-08-26 00:00:00.000000', '2017-08-26 00:00:00.000000', 'specialist c', 'remarks 129'),
('1290', 'null', 'null', '2017-08-27 00:00:00.000000', '2017-08-27 00:00:00.000000', 'specialist a', 'remarks 1290'),
('1291', 'null', 'null', '2017-08-28 00:00:00.000000', '2017-08-28 00:00:00.000000', 'specialist a', 'remarks 1291'),
('1292', 'Gleneagles Hospital', 'null', '2017-08-29 00:00:00.000000', '2017-08-29 00:00:00.000000', 'specialist a', 'remarks 1292'),
('1293', 'null', 'null', '2017-08-30 00:00:00.000000', '2017-08-30 00:00:00.000000', 'specialist a', 'remarks 1293'),
('1294', 'null', 'null', '2017-08-31 00:00:00.000000', '2017-08-31 00:00:00.000000', 'specialist a', 'remarks 1294'),
('1295', 'Mount Elizabeth Orchard Hospital', 'null', '2017-09-01 00:00:00.000000', '2017-09-01 00:00:00.000000', 'specialist a', 'remarks 1295'),
('1296', 'null', 'null', '2017-09-02 00:00:00.000000', '2017-09-02 00:00:00.000000', 'specialist a', 'remarks 1296'),
('1297', 'Farrer Park Hospital', 'null', '2017-09-03 00:00:00.000000', '2017-09-03 00:00:00.000000', 'specialist a', 'remarks 1297'),
('1298', 'Mount Elizabeth Orchard Hospital', 'null', '2017-09-04 00:00:00.000000', '2017-09-04 00:00:00.000000', 'specialist a', 'remarks 1298'),
('1299', 'null', 'null', '2017-09-05 00:00:00.000000', '2017-09-05 00:00:00.000000', 'specialist a', 'remarks 1299'),
('13', 'Gleneagles', 'null', '2017-09-06 00:00:00.000000', '2017-09-06 00:00:00.000000', 'specialist a', 'remarks 13'),
('130', 'null', 'null', '2017-09-07 00:00:00.000000', '2017-09-07 00:00:00.000000', 'specialist c', 'remarks 130'),
('1300', 'Raffles Hospital', 'null', '2017-09-08 00:00:00.000000', '2017-09-08 00:00:00.000000', 'specialist a', 'remarks 1300'),
('1301', 'null', 'null', '2017-09-09 00:00:00.000000', '2017-09-09 00:00:00.000000', 'specialist a', 'remarks 1301'),
('1302', 'null', 'null', '2017-09-10 00:00:00.000000', '2017-09-10 00:00:00.000000', 'specialist a', 'remarks 1302'),
('1303', 'null', 'null', '2017-09-11 00:00:00.000000', '2017-09-11 00:00:00.000000', 'specialist a', 'remarks 1303'),
('1304', 'null', 'null', '2017-09-12 00:00:00.000000', '2017-09-12 00:00:00.000000', 'specialist a', 'remarks 1304'),
('1305', 'null', 'null', '2017-09-13 00:00:00.000000', '2017-09-13 00:00:00.000000', 'specialist a', 'remarks 1305'),
('1306', 'null', 'null', '2017-09-14 00:00:00.000000', '2017-09-14 00:00:00.000000', 'specialist a', 'remarks 1306'),
('1307', 'null', 'null', '2017-09-15 00:00:00.000000', '2017-09-15 00:00:00.000000', 'specialist a', 'remarks 1307'),
('1308', 'null', 'null', '2017-09-16 00:00:00.000000', '2017-09-16 00:00:00.000000', 'specialist a', 'remarks 1308'),
('1309', 'null', 'null', '2017-09-17 00:00:00.000000', '2017-09-17 00:00:00.000000', 'specialist a', 'remarks 1309'),
('131', 'null', 'null', '2017-09-18 00:00:00.000000', '2017-09-18 00:00:00.000000', 'specialist c', 'remarks 131'),
('1310', 'null', 'null', '2017-09-19 00:00:00.000000', '2017-09-19 00:00:00.000000', 'specialist a', 'remarks 1310'),
('1311', 'null', 'null', '2017-09-20 00:00:00.000000', '2017-09-20 00:00:00.000000', 'specialist a', 'remarks 1311'),
('1312', 'Mount Elizabeth Orchard Hospital', 'null', '2017-09-21 00:00:00.000000', '2017-09-21 00:00:00.000000', 'specialist a', 'remarks 1312'),
('1313', 'Gleneagles Hospital', 'null', '2017-09-22 00:00:00.000000', '2017-09-22 00:00:00.000000', 'specialist a', 'remarks 1313'),
('1314', 'null', 'null', '2017-09-23 00:00:00.000000', '2017-09-23 00:00:00.000000', 'specialist a', 'remarks 1314'),
('1315', 'null', 'null', '2017-09-24 00:00:00.000000', '2017-09-24 00:00:00.000000', 'specialist a', 'remarks 1315'),
('1316', 'null', 'null', '2017-09-25 00:00:00.000000', '2017-09-25 00:00:00.000000', 'specialist a', 'remarks 1316'),
('1317', 'null', 'null', '2017-09-26 00:00:00.000000', '2017-09-26 00:00:00.000000', 'specialist a', 'remarks 1317'),
('1318', 'null', 'null', '2017-09-27 00:00:00.000000', '2017-09-27 00:00:00.000000', 'specialist a', 'remarks 1318'),
('1319', 'Mount Elizabeth Orchard Hospital', 'null', '2017-09-28 00:00:00.000000', '2017-09-28 00:00:00.000000', 'specialist a', 'remarks 1319'),
('132', 'null', 'null', '2017-09-29 00:00:00.000000', '2017-09-29 00:00:00.000000', 'specialist c', 'remarks 132'),
('1320', 'Mount Elizabeth Novena Hospital', 'null', '2017-09-30 00:00:00.000000', '2017-09-30 00:00:00.000000', 'specialist a', 'remarks 1320'),
('1321', 'null', 'null', '2017-10-01 00:00:00.000000', '2017-10-01 00:00:00.000000', 'specialist a', 'remarks 1321'),
('1322', 'null', 'null', '2017-10-02 00:00:00.000000', '2017-10-02 00:00:00.000000', 'specialist a', 'remarks 1322'),
('1323', 'null', 'null', '2017-10-03 00:00:00.000000', '2017-10-03 00:00:00.000000', 'specialist a', 'remarks 1323'),
('1324', 'null', 'null', '2017-10-04 00:00:00.000000', '2017-10-04 00:00:00.000000', 'specialist a', 'remarks 1324'),
('1325', 'null', 'null', '2017-10-05 00:00:00.000000', '2017-10-05 00:00:00.000000', 'specialist a', 'remarks 1325'),
('1326', 'Mount Elizabeth Orchard Hospital', 'null', '2017-10-06 00:00:00.000000', '2017-10-06 00:00:00.000000', 'specialist a', 'remarks 1326'),
('1327', 'Gleneagles Hospital', 'null', '2017-10-07 00:00:00.000000', '2017-10-07 00:00:00.000000', 'specialist a', 'remarks 1327'),
('1328', 'null', 'null', '2017-10-08 00:00:00.000000', '2017-10-08 00:00:00.000000', 'specialist a', 'remarks 1328'),
('1329', 'null', 'null', '2017-10-09 00:00:00.000000', '2017-10-09 00:00:00.000000', 'specialist a', 'remarks 1329'),
('133', 'null', 'null', '2017-10-10 00:00:00.000000', '2017-10-10 00:00:00.000000', 'specialist c', 'remarks 133'),
('1330', 'null', 'null', '2017-10-11 00:00:00.000000', '2017-10-11 00:00:00.000000', 'specialist a', 'remarks 1330'),
('1331', 'null', 'null', '2017-10-12 00:00:00.000000', '2017-10-12 00:00:00.000000', 'specialist a', 'remarks 1331'),
('1332', 'null', 'null', '2017-10-13 00:00:00.000000', '2017-10-13 00:00:00.000000', 'specialist a', 'remarks 1332'),
('1333', 'null', 'null', '2017-10-14 00:00:00.000000', '2017-10-14 00:00:00.000000', 'specialist a', 'remarks 1333'),
('1334', 'Mount Elizabeth Orchard Hospital', 'null', '2017-10-15 00:00:00.000000', '2017-10-15 00:00:00.000000', 'specialist a', 'remarks 1334'),
('1335', 'Mount Elizabeth Orchard Hospital', 'null', '2017-10-16 00:00:00.000000', '2017-10-16 00:00:00.000000', 'specialist a', 'remarks 1335'),
('1336', 'Mount Elizabeth Orchard Hospital', 'null', '2017-10-17 00:00:00.000000', '2017-10-17 00:00:00.000000', 'specialist a', 'remarks 1336'),
('abc', 'smuHospital', 'smuAddress', '2016-10-05 00:00:00.000000', '2016-10-21 00:00:00.000000', NULL, NULL);

-- --------------------------------------------------------

--
-- Table structure for table `listoftimeline`
--

CREATE TABLE `listoftimeline` (
  `timelineID` int(4) NOT NULL,
  `conditionName` varchar(45) DEFAULT NULL,
  `passportNumber` varchar(45) DEFAULT NULL,
  `yearsToSend` int(4) DEFAULT NULL
) ENGINE=InnoDB DEFAULT CHARSET=latin1;

--
-- Dumping data for table `listoftimeline`
--

INSERT INTO `listoftimeline` (`timelineID`, `conditionName`, `passportNumber`, `yearsToSend`) VALUES
(7, 'Obesity', 'G1234456g', 1),
(8, 'Hypertension (High blood pressure)', 'G1234456g', 0),
(9, 'Diabetic microalbuminuria', 'G1234456g', 1),
(10, 'Hearing loss', 'G1234456g', 1),
(11, 'kidney disorder', 'G1234456g', 1),
(12, 'Liver cancer', 'G1234456g', 1),
(13, 'sick1', 'G1234456g', 2),
(14, 'sick2', 'G1234456g', 3);

-- --------------------------------------------------------

--
-- Table structure for table `referral`
--

CREATE TABLE `referral` (
  `referralName` varchar(45) NOT NULL
) ENGINE=InnoDB DEFAULT CHARSET=latin1;

--
-- Dumping data for table `referral`
--

INSERT INTO `referral` (`referralName`) VALUES
('AAIJ'),
('AAIS'),
('Andreas'),
('Astra'),
('Betty'),
('BIMC'),
('Blue Dot'),
('CAR'),
('Chien Wei'),
('Conoco'),
('Dr. Ann Tan Sian Ann'),
('Dr. Charles Lim'),
('Dr. Fenny'),
('Dr. Sherly'),
('Dyah'),
('EMA'),
('GAMI'),
('Gleneagles CS'),
('Hor Samnang'),
('Husky-CNOOC'),
('IMC'),
('IndoMed'),
('IPS @ Mt. E Orchard'),
('Jenny / Sativa Tour'),
('Jes'),
('Jusman'),
('Kenny Lee'),
('Konimex'),
('La'),
('Maternity'),
('MedikaPlaza'),
('Melivon'),
('Mostafizur'),
('Mrs Tan'),
('Ninik'),
('Platinum'),
('QBE'),
('referral Sean'),
('referralName');

-- --------------------------------------------------------

--
-- Table structure for table `referraldetails`
--

CREATE TABLE `referraldetails` (
  `referral_ID` int(5) NOT NULL,
  `referralName` varchar(45) DEFAULT NULL,
  `r_dateTime` datetime(6) DEFAULT NULL
) ENGINE=InnoDB DEFAULT CHARSET=latin1;

--
-- Dumping data for table `referraldetails`
--

INSERT INTO `referraldetails` (`referral_ID`, `referralName`, `r_dateTime`) VALUES
(3, 'referral Sean', '2016-10-07 00:00:00.000000'),
(4, 'referral Sean', '2016-10-14 00:00:00.000000'),
(5, 'AAIS', '2016-10-06 00:00:00.000000'),
(6, 'Dr. Sherly', '2016-07-10 00:00:00.000000'),
(7, 'Andreas', '2016-08-10 00:00:00.000000'),
(8, 'referral Sean', '2016-09-10 00:00:00.000000'),
(9, 'referral Sean', '2016-10-10 00:00:00.000000'),
(10, 'ULINK', '2016-11-10 00:00:00.000000'),
(11, 'ULINK', '2016-12-10 00:00:00.000000'),
(31, 'US Emb', '2016-01-11 00:00:00.000000'),
(32, 'Unilever', '2016-02-11 00:00:00.000000'),
(33, '', '2016-03-11 00:00:00.000000'),
(34, 'Mrs Tan', '2016-04-11 00:00:00.000000'),
(35, 'Gleneagles CS', '2016-05-11 00:00:00.000000'),
(36, 'Gleneagles CS', '2016-06-11 00:00:00.000000'),
(37, '', '2016-07-11 00:00:00.000000'),
(38, 'ULINK', '2016-08-11 00:00:00.000000'),
(39, 'Konimex', '2016-09-11 00:00:00.000000'),
(40, '', '2016-10-11 00:00:00.000000'),
(41, '', '2016-11-11 00:00:00.000000'),
(42, 'Konimex', '2016-12-11 00:00:00.000000'),
(61, '', '2016-01-12 00:00:00.000000'),
(62, 'Dyah', '2016-02-12 00:00:00.000000'),
(63, 'EMA', '2016-03-12 00:00:00.000000'),
(64, '', '2016-04-12 00:00:00.000000'),
(65, '', '2016-05-12 00:00:00.000000'),
(66, '', '2016-06-12 00:00:00.000000'),
(67, 'TMC', '2016-07-12 00:00:00.000000'),
(68, '', '2016-08-12 00:00:00.000000'),
(69, 'Unilever', '2016-09-12 00:00:00.000000'),
(70, '', '2016-10-12 00:00:00.000000'),
(71, '', '2016-11-12 00:00:00.000000'),
(72, '', '2016-12-12 00:00:00.000000'),
(92, 'Dr. Fenny', '2017-01-01 00:00:00.000000'),
(93, 'GAMI', '2017-02-01 00:00:00.000000'),
(94, 'Jusman', '2017-03-01 00:00:00.000000'),
(95, 'AAIS', '2017-04-01 00:00:00.000000'),
(96, '', '2017-05-01 00:00:00.000000'),
(97, '', '2017-06-01 00:00:00.000000'),
(98, 'SMG', '2017-07-01 00:00:00.000000'),
(99, 'GAMI', '2017-08-01 00:00:00.000000'),
(100, 'AAIS', '2017-09-01 00:00:00.000000'),
(101, '', '2017-10-01 00:00:00.000000'),
(102, 'SMG', '2017-11-01 00:00:00.000000'),
(103, 'AAIS', '2017-12-01 00:00:00.000000'),
(123, 'AAIS', '2017-01-02 00:00:00.000000'),
(124, 'SMG', '2017-02-02 00:00:00.000000'),
(125, 'ULINK', '2017-03-02 00:00:00.000000'),
(126, 'IndoMed', '2017-04-02 00:00:00.000000'),
(127, 'ZZZOthers', '2017-05-02 00:00:00.000000'),
(128, '', '2017-06-02 00:00:00.000000'),
(129, '', '2017-07-02 00:00:00.000000'),
(130, '', '2017-08-02 00:00:00.000000'),
(131, 'GAMI', '2017-09-02 00:00:00.000000'),
(132, '', '2017-10-02 00:00:00.000000'),
(133, '', '2017-11-02 00:00:00.000000'),
(134, '', '2017-12-02 00:00:00.000000'),
(151, '', '2017-01-03 00:00:00.000000'),
(152, '', '2017-02-03 00:00:00.000000'),
(153, '', '2017-03-03 00:00:00.000000'),
(154, '', '2017-04-03 00:00:00.000000'),
(155, '', '2017-05-03 00:00:00.000000'),
(156, '', '2017-06-03 00:00:00.000000'),
(157, '', '2017-07-03 00:00:00.000000'),
(158, '', '2017-08-03 00:00:00.000000'),
(159, '', '2017-09-03 00:00:00.000000'),
(160, '', '2017-10-03 00:00:00.000000'),
(161, '', '2017-11-03 00:00:00.000000'),
(162, '', '2017-12-03 00:00:00.000000'),
(182, '', '2017-01-04 00:00:00.000000'),
(183, '', '2017-02-04 00:00:00.000000'),
(184, '', '2017-03-04 00:00:00.000000'),
(185, '', '2017-04-04 00:00:00.000000'),
(186, '', '2017-05-04 00:00:00.000000'),
(187, '', '2017-06-04 00:00:00.000000'),
(188, '', '2017-07-04 00:00:00.000000'),
(189, '', '2017-08-04 00:00:00.000000'),
(190, '', '2017-09-04 00:00:00.000000'),
(191, '', '2017-10-04 00:00:00.000000'),
(192, '', '2017-11-04 00:00:00.000000'),
(193, '', '2017-12-04 00:00:00.000000'),
(212, '', '2017-01-05 00:00:00.000000'),
(213, '', '2017-02-05 00:00:00.000000'),
(214, '', '2017-03-05 00:00:00.000000'),
(215, '', '2017-04-05 00:00:00.000000'),
(216, '', '2017-05-05 00:00:00.000000'),
(217, '', '2017-06-05 00:00:00.000000'),
(218, '', '2017-07-05 00:00:00.000000'),
(219, '', '2017-08-05 00:00:00.000000'),
(220, '', '2017-09-05 00:00:00.000000'),
(221, '', '2017-10-05 00:00:00.000000'),
(222, '', '2017-11-05 00:00:00.000000'),
(223, '', '2017-12-05 00:00:00.000000'),
(243, '', '2017-01-06 00:00:00.000000'),
(244, '', '2017-02-06 00:00:00.000000'),
(245, '', '2017-03-06 00:00:00.000000'),
(246, '', '2017-04-06 00:00:00.000000'),
(247, '', '2017-05-06 00:00:00.000000'),
(248, '', '2017-06-06 00:00:00.000000'),
(249, '', '2017-07-06 00:00:00.000000'),
(250, 'ULINK', '2017-08-06 00:00:00.000000'),
(251, 'Dr. Sherly', '2017-09-06 00:00:00.000000'),
(252, 'Maternity', '2017-10-06 00:00:00.000000'),
(253, 'Maternity', '2017-11-06 00:00:00.000000'),
(254, 'Astra', '2017-12-06 00:00:00.000000'),
(273, '', '2017-01-07 00:00:00.000000'),
(274, '', '2017-02-07 00:00:00.000000'),
(275, '', '2017-03-07 00:00:00.000000'),
(276, '', '2017-04-07 00:00:00.000000'),
(277, '', '2017-05-07 00:00:00.000000'),
(278, '', '2017-06-07 00:00:00.000000'),
(279, '', '2017-07-07 00:00:00.000000'),
(280, '', '2017-08-07 00:00:00.000000'),
(281, '', '2017-09-07 00:00:00.000000'),
(282, '', '2017-10-07 00:00:00.000000'),
(283, '', '2017-11-07 00:00:00.000000'),
(284, '', '2017-12-07 00:00:00.000000'),
(304, '', '2017-01-08 00:00:00.000000'),
(305, '', '2017-02-08 00:00:00.000000'),
(306, '', '2017-03-08 00:00:00.000000'),
(307, '', '2017-04-08 00:00:00.000000'),
(308, '', '2017-05-08 00:00:00.000000'),
(309, '', '2017-06-08 00:00:00.000000'),
(310, '', '2017-07-08 00:00:00.000000'),
(311, '', '2017-08-08 00:00:00.000000'),
(312, '', '2017-09-08 00:00:00.000000'),
(313, '', '2017-10-08 00:00:00.000000'),
(314, '', '2017-11-08 00:00:00.000000'),
(315, '', '2017-12-08 00:00:00.000000'),
(335, '', '2017-01-09 00:00:00.000000'),
(336, '', '2017-02-09 00:00:00.000000'),
(337, 'Maternity', '2017-03-09 00:00:00.000000'),
(338, 'Dr. Fenny', '2017-04-09 00:00:00.000000'),
(339, 'Dr. Fenny', '2017-05-09 00:00:00.000000'),
(340, 'Dr. Fenny', '2017-06-09 00:00:00.000000'),
(341, 'Dr. Fenny', '2017-07-09 00:00:00.000000'),
(342, '', '2017-08-09 00:00:00.000000'),
(343, '', '2017-09-09 00:00:00.000000'),
(344, '', '2017-10-09 00:00:00.000000'),
(345, '', '2017-11-09 00:00:00.000000'),
(346, '', '2017-12-09 00:00:00.000000'),
(365, '', '2017-01-10 00:00:00.000000'),
(366, '', '2017-02-10 00:00:00.000000'),
(367, '', '2017-03-10 00:00:00.000000'),
(368, '', '2017-04-10 00:00:00.000000'),
(369, '', '2017-05-10 00:00:00.000000'),
(370, '', '2017-06-10 00:00:00.000000'),
(371, '', '2017-07-10 00:00:00.000000'),
(372, '', '2017-08-10 00:00:00.000000'),
(373, '', '2017-09-10 00:00:00.000000'),
(374, '', '2017-10-10 00:00:00.000000'),
(375, '', '2017-11-10 00:00:00.000000'),
(376, '', '2017-12-10 00:00:00.000000'),
(396, 'AAIS', '2017-01-11 00:00:00.000000'),
(397, 'SMG', '2017-02-11 00:00:00.000000'),
(398, 'Platinum', '2017-03-11 00:00:00.000000'),
(399, 'AAIS', '2017-04-11 00:00:00.000000'),
(400, 'US Emb', '2017-05-11 00:00:00.000000'),
(401, 'US Emb', '2017-06-11 00:00:00.000000'),
(402, 'Dr. Sherly', '2017-07-11 00:00:00.000000'),
(403, '', '2017-08-11 00:00:00.000000'),
(404, '', '2017-09-11 00:00:00.000000'),
(405, '', '2017-10-11 00:00:00.000000'),
(406, '', '2017-11-11 00:00:00.000000'),
(407, '', '2017-12-11 00:00:00.000000'),
(426, 'Unilever', '2017-01-12 00:00:00.000000'),
(427, 'Unilever', '2017-02-12 00:00:00.000000'),
(428, 'Unilever', '2017-03-12 00:00:00.000000'),
(429, 'AAIS', '2017-04-12 00:00:00.000000'),
(430, 'AAIS', '2017-05-12 00:00:00.000000'),
(431, 'SMG', '2017-06-12 00:00:00.000000'),
(432, 'IndoMed', '2017-07-12 00:00:00.000000'),
(433, 'AAIS', '2017-08-12 00:00:00.000000'),
(434, 'AAIS', '2017-09-12 00:00:00.000000'),
(435, 'AAIS', '2017-10-12 00:00:00.000000'),
(436, 'AAIS', '2017-11-12 00:00:00.000000'),
(437, 'AAIS', '2017-12-12 00:00:00.000000'),
(457, '', '2018-01-01 00:00:00.000000'),
(458, '', '2018-02-01 00:00:00.000000'),
(459, '', '2018-03-01 00:00:00.000000'),
(460, 'Mostafizur', '2018-04-01 00:00:00.000000'),
(461, 'La', '2018-05-01 00:00:00.000000'),
(462, 'La', '2018-06-01 00:00:00.000000'),
(463, 'Betty', '2018-07-01 00:00:00.000000'),
(464, 'EMA', '2018-08-01 00:00:00.000000'),
(465, 'IndoMed', '2018-09-01 00:00:00.000000'),
(466, 'Mrs Tan', '2018-10-01 00:00:00.000000'),
(467, 'Dyah', '2018-11-01 00:00:00.000000'),
(468, 'La', '2018-12-01 00:00:00.000000'),
(488, 'ULINK', '2018-01-02 00:00:00.000000'),
(489, '', '2018-02-02 00:00:00.000000'),
(490, '', '2018-03-02 00:00:00.000000'),
(491, '', '2018-04-02 00:00:00.000000'),
(492, '', '2018-05-02 00:00:00.000000'),
(493, '', '2018-06-02 00:00:00.000000'),
(494, '', '2018-07-02 00:00:00.000000'),
(495, '', '2018-08-02 00:00:00.000000'),
(496, '', '2018-09-02 00:00:00.000000'),
(497, '', '2018-10-02 00:00:00.000000'),
(498, '', '2018-11-02 00:00:00.000000'),
(499, '', '2018-12-02 00:00:00.000000'),
(516, 'ULINK', '2018-01-03 00:00:00.000000'),
(517, 'La', '2018-02-03 00:00:00.000000'),
(518, 'Dr. Sherly', '2018-03-03 00:00:00.000000'),
(519, 'IndoMed', '2018-04-03 00:00:00.000000'),
(520, 'La', '2018-05-03 00:00:00.000000'),
(521, '', '2018-06-03 00:00:00.000000'),
(522, '', '2018-07-03 00:00:00.000000'),
(523, '', '2018-08-03 00:00:00.000000'),
(524, '', '2018-09-03 00:00:00.000000'),
(525, '', '2018-10-03 00:00:00.000000'),
(526, '', '2018-11-03 00:00:00.000000'),
(527, '', '2018-12-03 00:00:00.000000'),
(547, '', '2018-01-04 00:00:00.000000'),
(548, 'AAIS', '2018-02-04 00:00:00.000000'),
(549, 'SMG', '2018-03-04 00:00:00.000000'),
(550, 'AAIS', '2018-04-04 00:00:00.000000'),
(551, 'US Emb', '2018-05-04 00:00:00.000000'),
(552, 'US Emb', '2018-06-04 00:00:00.000000'),
(553, 'US Emb', '2018-07-04 00:00:00.000000'),
(554, '', '2018-08-04 00:00:00.000000'),
(555, '', '2018-09-04 00:00:00.000000'),
(556, '', '2018-10-04 00:00:00.000000'),
(557, '', '2018-11-04 00:00:00.000000'),
(558, 'Astra', '2018-12-04 00:00:00.000000'),
(577, 'US Emb', '2018-01-05 00:00:00.000000'),
(578, '', '2018-02-05 00:00:00.000000'),
(579, '', '2018-03-05 00:00:00.000000'),
(580, 'AAIS', '2018-04-05 00:00:00.000000'),
(581, 'IndoMed', '2018-05-05 00:00:00.000000'),
(582, 'EMA', '2018-06-05 00:00:00.000000'),
(583, 'AAIS', '2018-07-05 00:00:00.000000'),
(584, 'Dyah', '2018-08-05 00:00:00.000000'),
(585, 'AAIS', '2018-09-05 00:00:00.000000'),
(586, 'Andreas', '2018-10-05 00:00:00.000000'),
(587, '', '2018-11-05 00:00:00.000000'),
(588, '', '2018-12-05 00:00:00.000000'),
(608, 'AAIS', '2018-01-06 00:00:00.000000'),
(609, 'Mostafizur', '2018-02-06 00:00:00.000000'),
(610, 'AAIS', '2018-03-06 00:00:00.000000'),
(611, 'SMG', '2018-04-06 00:00:00.000000'),
(612, '', '2018-05-06 00:00:00.000000'),
(613, '', '2018-06-06 00:00:00.000000'),
(614, '', '2018-07-06 00:00:00.000000'),
(615, 'AAIS', '2018-08-06 00:00:00.000000'),
(616, 'Dr. Fenny', '2018-09-06 00:00:00.000000'),
(617, 'Jusman', '2018-10-06 00:00:00.000000'),
(618, 'Platinum', '2018-11-06 00:00:00.000000'),
(619, 'AAIS', '2018-12-06 00:00:00.000000'),
(638, 'Andreas', '2018-01-07 00:00:00.000000'),
(639, 'Andreas', '2018-02-07 00:00:00.000000'),
(640, 'AAIS', '2018-03-07 00:00:00.000000'),
(641, 'US Emb', '2018-04-07 00:00:00.000000'),
(642, 'US Emb', '2018-05-07 00:00:00.000000'),
(643, 'AAIS', '2018-06-07 00:00:00.000000'),
(644, 'AAIS', '2018-07-07 00:00:00.000000'),
(645, '', '2018-08-07 00:00:00.000000'),
(646, '', '2018-09-07 00:00:00.000000'),
(647, '', '2018-10-07 00:00:00.000000'),
(648, '', '2018-11-07 00:00:00.000000'),
(649, '', '2018-12-07 00:00:00.000000'),
(669, 'Andreas', '2018-01-08 00:00:00.000000'),
(670, 'Dr. Sherly', '2018-02-08 00:00:00.000000'),
(671, 'IMC', '2018-03-08 00:00:00.000000'),
(672, 'Mrs Tan', '2018-04-08 00:00:00.000000'),
(673, 'Mrs Tan', '2018-05-08 00:00:00.000000'),
(674, 'BIMC', '2018-06-08 00:00:00.000000'),
(675, 'SMG', '2018-07-08 00:00:00.000000'),
(676, 'US Emb', '2018-08-08 00:00:00.000000'),
(677, 'US Emb', '2018-09-08 00:00:00.000000'),
(678, 'US Emb', '2018-10-08 00:00:00.000000'),
(679, 'US Emb', '2018-11-08 00:00:00.000000'),
(680, 'US Emb', '2018-12-08 00:00:00.000000'),
(700, '', '2018-01-09 00:00:00.000000'),
(701, '', '2018-02-09 00:00:00.000000'),
(702, '', '2018-03-09 00:00:00.000000'),
(703, '', '2018-04-09 00:00:00.000000'),
(704, '', '2018-05-09 00:00:00.000000'),
(705, '', '2018-06-09 00:00:00.000000'),
(706, '', '2018-07-09 00:00:00.000000'),
(707, 'Jusman', '2018-08-09 00:00:00.000000'),
(708, 'AAIS', '2018-09-09 00:00:00.000000'),
(709, 'Andreas', '2018-10-09 00:00:00.000000'),
(710, 'IndoMed', '2018-11-09 00:00:00.000000'),
(711, 'AAIS', '2018-12-09 00:00:00.000000'),
(730, '', '2018-01-10 00:00:00.000000'),
(731, '', '2018-02-10 00:00:00.000000'),
(732, '', '2018-03-10 00:00:00.000000'),
(733, 'US Emb', '2018-04-10 00:00:00.000000'),
(734, 'AAIS', '2018-05-10 00:00:00.000000'),
(735, 'Andreas', '2018-06-10 00:00:00.000000'),
(736, 'AAIS', '2018-07-10 00:00:00.000000'),
(737, 'AAIS', '2018-08-10 00:00:00.000000'),
(738, 'Dr. Fenny', '2018-09-10 00:00:00.000000'),
(739, '', '2018-10-10 00:00:00.000000'),
(740, '', '2018-11-10 00:00:00.000000'),
(741, '', '2018-12-10 00:00:00.000000'),
(761, '', '2018-01-11 00:00:00.000000'),
(762, '', '2018-02-11 00:00:00.000000'),
(763, '', '2018-03-11 00:00:00.000000'),
(764, '', '2018-04-11 00:00:00.000000'),
(765, '', '2018-05-11 00:00:00.000000'),
(766, '', '2018-06-11 00:00:00.000000'),
(767, '', '2018-07-11 00:00:00.000000'),
(768, '', '2018-08-11 00:00:00.000000'),
(769, 'Jusman', '2018-09-11 00:00:00.000000'),
(770, 'US Emb', '2018-10-11 00:00:00.000000'),
(771, 'US Emb', '2018-11-11 00:00:00.000000'),
(772, 'AAIS', '2018-12-11 00:00:00.000000'),
(791, 'SMG', '2018-01-12 00:00:00.000000'),
(792, 'AAIS', '2018-02-12 00:00:00.000000'),
(793, '', '2018-03-12 00:00:00.000000'),
(794, '', '2018-04-12 00:00:00.000000'),
(795, '', '2018-05-12 00:00:00.000000'),
(796, '', '2018-06-12 00:00:00.000000'),
(797, '', '2018-07-12 00:00:00.000000'),
(798, '', '2018-08-12 00:00:00.000000'),
(799, '', '2018-09-12 00:00:00.000000'),
(800, '', '2018-10-12 00:00:00.000000'),
(801, '', '2018-11-12 00:00:00.000000'),
(802, '', '2018-12-12 00:00:00.000000'),
(822, 'Andreas', '2019-01-01 00:00:00.000000'),
(823, 'Dr. Fenny', '2019-02-01 00:00:00.000000'),
(824, 'Dr. Fenny', '2019-03-01 00:00:00.000000'),
(825, 'Andreas', '2019-04-01 00:00:00.000000'),
(826, 'Jusman', '2019-05-01 00:00:00.000000'),
(827, '', '2019-06-01 00:00:00.000000'),
(828, 'Dr. Sherly', '2019-07-01 00:00:00.000000'),
(829, 'Chien Wei', '2019-08-01 00:00:00.000000'),
(830, 'Chien Wei', '2019-09-01 00:00:00.000000'),
(831, 'Mostafizur', '2019-10-01 00:00:00.000000'),
(832, 'US Emb', '2019-11-01 00:00:00.000000'),
(833, 'AAIS', '2019-12-01 00:00:00.000000'),
(853, 'IndoMed', '2019-01-02 00:00:00.000000'),
(854, 'Dr. Sherly', '2019-02-02 00:00:00.000000'),
(855, 'Astra', '2019-03-02 00:00:00.000000'),
(856, 'Conoco', '2019-04-02 00:00:00.000000'),
(857, 'Conoco', '2019-05-02 00:00:00.000000'),
(858, 'Conoco', '2019-06-02 00:00:00.000000'),
(859, 'Dr. Sherly', '2019-07-02 00:00:00.000000'),
(860, 'Mrs Tan', '2019-08-02 00:00:00.000000'),
(861, 'Andreas', '2019-09-02 00:00:00.000000'),
(862, '', '2019-10-02 00:00:00.000000'),
(863, '', '2019-11-02 00:00:00.000000'),
(864, '', '2019-12-02 00:00:00.000000'),
(881, 'Maternity', '2019-01-03 00:00:00.000000'),
(882, 'Platinum', '2019-02-03 00:00:00.000000'),
(883, '', '2019-03-03 00:00:00.000000'),
(884, '', '2019-04-03 00:00:00.000000'),
(885, '', '2019-05-03 00:00:00.000000'),
(886, '', '2019-06-03 00:00:00.000000'),
(887, '', '2019-07-03 00:00:00.000000'),
(888, '', '2019-08-03 00:00:00.000000'),
(889, '', '2019-09-03 00:00:00.000000'),
(890, 'Jenny / Sativa Tour', '2019-10-03 00:00:00.000000'),
(891, 'La', '2019-11-03 00:00:00.000000'),
(892, 'Platinum', '2019-12-03 00:00:00.000000'),
(912, '', '2019-01-04 00:00:00.000000'),
(913, 'Andreas', '2019-02-04 00:00:00.000000'),
(914, '', '2019-03-04 00:00:00.000000'),
(915, '', '2019-04-04 00:00:00.000000'),
(916, '', '2019-05-04 00:00:00.000000'),
(917, '', '2019-06-04 00:00:00.000000'),
(918, '', '2019-07-04 00:00:00.000000'),
(919, '', '2019-08-04 00:00:00.000000'),
(920, '', '2019-09-04 00:00:00.000000'),
(921, '', '2019-10-04 00:00:00.000000'),
(922, '', '2019-11-04 00:00:00.000000'),
(923, 'EMA', '2019-12-04 00:00:00.000000'),
(942, 'Andreas', '2019-01-05 00:00:00.000000'),
(943, 'Mrs Tan', '2019-02-05 00:00:00.000000'),
(944, 'Mrs Tan', '2019-03-05 00:00:00.000000'),
(945, 'IndoMed', '2019-04-05 00:00:00.000000'),
(946, 'IndoMed', '2019-05-05 00:00:00.000000'),
(947, 'Melivon', '2019-06-05 00:00:00.000000'),
(948, '', '2019-07-05 00:00:00.000000'),
(949, 'La', '2019-08-05 00:00:00.000000'),
(950, 'La', '2019-09-05 00:00:00.000000'),
(951, 'La', '2019-10-05 00:00:00.000000'),
(952, 'Dr. Charles Lim', '2019-11-05 00:00:00.000000'),
(953, 'AAIS', '2019-12-05 00:00:00.000000'),
(973, '', '2019-01-06 00:00:00.000000'),
(974, 'Jusman', '2019-02-06 00:00:00.000000'),
(975, 'Veron', '2019-03-06 00:00:00.000000'),
(976, 'Veron', '2019-04-06 00:00:00.000000'),
(977, 'Veron', '2019-05-06 00:00:00.000000'),
(978, 'Melivon', '2019-06-06 00:00:00.000000'),
(979, 'SMG', '2019-07-06 00:00:00.000000'),
(980, 'US Emb', '2019-08-06 00:00:00.000000'),
(981, 'US Emb', '2019-09-06 00:00:00.000000'),
(982, 'US Emb', '2019-10-06 00:00:00.000000'),
(983, '', '2019-11-06 00:00:00.000000'),
(984, '', '2019-12-06 00:00:00.000000'),
(1003, '', '2019-01-07 00:00:00.000000'),
(1004, '', '2019-02-07 00:00:00.000000'),
(1005, '', '2019-03-07 00:00:00.000000');

-- --------------------------------------------------------

--
-- Table structure for table `role`
--

CREATE TABLE `role` (
  `roleName` varchar(45) NOT NULL
) ENGINE=InnoDB DEFAULT CHARSET=latin1;

--
-- Dumping data for table `role`
--

INSERT INTO `role` (`roleName`) VALUES
('Medical'),
('Ops'),
('Visa');

-- --------------------------------------------------------

--
-- Table structure for table `user`
--

CREATE TABLE `user` (
  `email` varchar(40) NOT NULL,
  `password` varchar(100) NOT NULL,
  `roles` varchar(15) NOT NULL
) ENGINE=MyISAM DEFAULT CHARSET=latin1;

--
-- Dumping data for table `user`
--

INSERT INTO `user` (`email`, `password`, `roles`) VALUES
('admin', '8c6976e5b5410415bde908bd4dee15dfb167a9c873fc4bb8a81f6f2ab448a918', 'admin');

--
-- Indexes for dumped tables
--

--
-- Indexes for table `admission`
--
ALTER TABLE `admission`
  ADD PRIMARY KEY (`caseNumber`),
  ADD KEY `followUpID` (`followUpID`),
  ADD KEY `passportNumber` (`passportNumber`);

--
-- Indexes for table `allcondition`
--
ALTER TABLE `allcondition`
  ADD PRIMARY KEY (`conditionName`);

--
-- Indexes for table `appointment`
--
ALTER TABLE `appointment`
  ADD PRIMARY KEY (`appointmentID`),
  ADD KEY `passportNumber` (`passportNumber`),
  ADD KEY `email` (`email`);

--
-- Indexes for table `client`
--
ALTER TABLE `client`
  ADD PRIMARY KEY (`passportNumber`),
  ADD KEY `referral_ID` (`referral_ID`);

--
-- Indexes for table `clinic`
--
ALTER TABLE `clinic`
  ADD PRIMARY KEY (`clinicName`);

--
-- Indexes for table `consultation`
--
ALTER TABLE `consultation`
  ADD PRIMARY KEY (`C_ID`),
  ADD KEY `passportNumber` (`passportNumber`),
  ADD KEY `doctorName` (`doctorName`);

--
-- Indexes for table `doctor`
--
ALTER TABLE `doctor`
  ADD PRIMARY KEY (`doctorName`),
  ADD KEY `clinicName` (`clinicName`);

--
-- Indexes for table `followup`
--
ALTER TABLE `followup`
  ADD PRIMARY KEY (`followUpID`);

--
-- Indexes for table `listoftimeline`
--
ALTER TABLE `listoftimeline`
  ADD PRIMARY KEY (`timelineID`),
  ADD KEY `passportNumber` (`passportNumber`);

--
-- Indexes for table `referral`
--
ALTER TABLE `referral`
  ADD PRIMARY KEY (`referralName`);

--
-- Indexes for table `referraldetails`
--
ALTER TABLE `referraldetails`
  ADD PRIMARY KEY (`referral_ID`),
  ADD KEY `referralName` (`referralName`);

--
-- Indexes for table `role`
--
ALTER TABLE `role`
  ADD PRIMARY KEY (`roleName`);

--
-- Indexes for table `user`
--
ALTER TABLE `user`
  ADD PRIMARY KEY (`email`);

--
-- AUTO_INCREMENT for dumped tables
--

--
-- AUTO_INCREMENT for table `admission`
--
ALTER TABLE `admission`
  MODIFY `caseNumber` int(6) NOT NULL AUTO_INCREMENT, AUTO_INCREMENT=1008;
--
-- AUTO_INCREMENT for table `appointment`
--
ALTER TABLE `appointment`
  MODIFY `appointmentID` int(6) NOT NULL AUTO_INCREMENT, AUTO_INCREMENT=1224;
--
-- AUTO_INCREMENT for table `consultation`
--
ALTER TABLE `consultation`
  MODIFY `C_ID` int(11) NOT NULL AUTO_INCREMENT, AUTO_INCREMENT=857;
--
-- AUTO_INCREMENT for table `listoftimeline`
--
ALTER TABLE `listoftimeline`
  MODIFY `timelineID` int(4) NOT NULL AUTO_INCREMENT, AUTO_INCREMENT=15;
--
-- AUTO_INCREMENT for table `referraldetails`
--
ALTER TABLE `referraldetails`
  MODIFY `referral_ID` int(5) NOT NULL AUTO_INCREMENT, AUTO_INCREMENT=1006;
--
-- Constraints for dumped tables
--

--
-- Constraints for table `admission`
--
ALTER TABLE `admission`
  ADD CONSTRAINT `admission_ibfk_1` FOREIGN KEY (`followUpID`) REFERENCES `followup` (`followUpID`),
  ADD CONSTRAINT `admission_ibfk_2` FOREIGN KEY (`passportNumber`) REFERENCES `client` (`passportNumber`);

--
-- Constraints for table `appointment`
--
ALTER TABLE `appointment`
  ADD CONSTRAINT `appointment_ibfk_1` FOREIGN KEY (`passportNumber`) REFERENCES `client` (`passportNumber`),
  ADD CONSTRAINT `appointment_ibfk_2` FOREIGN KEY (`email`) REFERENCES `user` (`email`);

--
-- Constraints for table `client`
--
ALTER TABLE `client`
  ADD CONSTRAINT `client_ibfk_1` FOREIGN KEY (`referral_ID`) REFERENCES `referraldetails` (`referral_ID`);

--
-- Constraints for table `consultation`
--
ALTER TABLE `consultation`
  ADD CONSTRAINT `consultation_ibfk_1` FOREIGN KEY (`passportNumber`) REFERENCES `client` (`passportNumber`),
  ADD CONSTRAINT `consultation_ibfk_2` FOREIGN KEY (`doctorName`) REFERENCES `doctor` (`doctorName`);

--
-- Constraints for table `doctor`
--
ALTER TABLE `doctor`
  ADD CONSTRAINT `doctor_ibfk_1` FOREIGN KEY (`clinicName`) REFERENCES `clinic` (`clinicName`);

--
-- Constraints for table `listoftimeline`
--
ALTER TABLE `listoftimeline`
  ADD CONSTRAINT `listoftimeline_ibfk_1` FOREIGN KEY (`passportNumber`) REFERENCES `client` (`passportNumber`);

--
-- Constraints for table `referraldetails`
--
ALTER TABLE `referraldetails`
  ADD CONSTRAINT `referraldetails_ibfk_1` FOREIGN KEY (`referralName`) REFERENCES `referral` (`referralName`);
SET FOREIGN_KEY_CHECKS=1;

/*!40101 SET CHARACTER_SET_CLIENT=@OLD_CHARACTER_SET_CLIENT */;
/*!40101 SET CHARACTER_SET_RESULTS=@OLD_CHARACTER_SET_RESULTS */;
/*!40101 SET COLLATION_CONNECTION=@OLD_COLLATION_CONNECTION */;
